Module,Subtopic,Description,Video Links,Project,Interview Questions
"Foundations of Computer Science for AI","Introduction to Artificial Intelligence","Understand the basics of AI, its history, key concepts, and real-world applications.","https://www.youtube.com/playlist?list=PLjq6DwYksrzz_fsWIpPcf6V7p2RNAneKc","Write a short essay or create a presentation on how AI is used in daily life.","1. What is Artificial Intelligence? 2. How has AI evolved over time? 3. What are the main types of AI? 4. Can you provide examples of AI applications in everyday life? 5. What is the difference between narrow AI and general AI? 6. How does AI impact various industries? 7. What are the ethical considerations in AI development? 8. How does AI differ from traditional programming? 9. What is the Turing Test? 10. Who are some pioneers in the field of AI?"
"Foundations of Computer Science for AI","Software Development Lifecycle","Learn about the stages of software development, from planning to maintenance, and how they apply to AI projects.","https://www.youtube.com/watch?v=O753uuutqH8","Outline the software development lifecycle for an AI-based application.","1. What are the main phases of the software development lifecycle (SDLC)? 2. How does the SDLC apply to AI projects? 3. What is the importance of requirement analysis in software development? 4. How do design principles affect software quality? 5. What methodologies are commonly used in software development? 6. How is testing conducted in AI applications? 7. What are the challenges in maintaining AI software? 8. How does version control integrate into the SDLC? 9. What is the role of documentation in software development? 10. How do you ensure software scalability and performance?"
"Foundations of Computer Science for AI","Discrete Mathematics","Explore the mathematical foundations essential for computer science, including logic, set theory, combinatorics, and graph theory.","https://www.youtube.com/watch?v=3jvWodd7ht0","Implement a program to solve the Tower of Hanoi problem using recursion.","1. What is the significance of discrete mathematics in computer science? 2. How do set theory concepts apply to programming? 3. Can you explain the principles of combinatorics? 4. How is graph theory utilized in computer algorithms? 5. What are Boolean algebra and its applications? 6. How does propositional logic differ from predicate logic? 7. What is the pigeonhole principle? 8. How are recurrence relations used in algorithm analysis? 9. What is the inclusion-exclusion principle? 10. How does modular arithmetic apply to cryptography?"
"Foundations of Computer Science for AI","Computer Architecture and Organization","Understand the structure and behavior of computer systems, including the CPU, memory hierarchy, and instruction sets.","https://www.youtube.com/watch?v=0edwzgh9v5g","Design a simple assembler that translates basic assembly instructions into machine code.","1. What are the main components of a computer system? 2. How does the CPU execute instructions? 3. What is the role of the control unit in a CPU? 4. How do caches improve system performance? 5. What is pipelining in CPU architecture? 6. How does virtual memory work? 7. What are RISC and CISC architectures? 8. How do interrupts function in a computer system? 9. What is the significance of the fetch-decode-execute cycle? 10. How does memory hierarchy affect computing efficiency?"
"Foundations of Computer Science for AI","Operating Systems","Learn about the software that manages computer hardware, including process management, memory management, and file systems.","https://www.youtube.com/watch?v=26QPDBe-NB8","Develop a simple shell program that can execute basic commands.","1. What are the primary functions of an operating system? 2. How does process scheduling work? 3. What is the difference between a process and a thread? 4. How is memory managed in modern operating systems? 5. What are system calls and how are they used? 6. How do file systems organize data? 7. What is virtual memory and how is it implemented? 8. How do operating systems handle concurrency? 9. What are deadlocks and how can they be prevented? 10. How does the kernel interact with hardware and software components?"

"Mathematics for AI","Linear Algebra","Understand vectors, matrices, and operations essential for AI algorithms.","https://www.youtube.com/watch?v=kjBOesZCoqc","Implement matrix multiplication and explore its applications in neural networks.","1. What is the significance of eigenvalues and eigenvectors in machine learning? 2. How does matrix multiplication relate to neural network computations? 3. What is the difference between a vector and a matrix? 4. How do you compute the determinant of a matrix? 5. What is the role of the identity matrix in linear transformations? 6. How are linear transformations used in AI? 7. What is the purpose of the transpose of a matrix? 8. How do you solve a system of linear equations using matrices? 9. What is the significance of the rank of a matrix? 10. How is Singular Value Decomposition (SVD) used in data compression?"
"Mathematics for AI","Calculus","Learn about derivatives and integrals, crucial for optimization in AI models.","https://www.youtube.com/watch?v=WUvTyaaNkzM","Visualize gradient descent using a simple cost function.","1. What is the chain rule in calculus and how is it applied in backpropagation? 2. How do partial derivatives differ from ordinary derivatives? 3. What is the significance of the gradient in optimization? 4. How is the concept of a limit foundational to calculus? 5. What is the role of integrals in machine learning? 6. How does the Hessian matrix relate to second-order derivatives? 7. What is the difference between convex and non-convex functions? 8. How is calculus used in training neural networks? 9. What is the importance of the learning rate in gradient descent? 10. How do you interpret the slope of a function at a point?"
"Mathematics for AI","Probability","Study the likelihood of events, a foundation for probabilistic models in AI.","https://www.youtube.com/watch?v=uzkc-qNVoOk","Simulate a simple Bayesian inference scenario.","1. What is Bayes' Theorem and how is it applied in AI? 2. How do you differentiate between independent and dependent events? 3. What is the significance of conditional probability? 4. How are probability distributions used in machine learning? 5. What is the difference between discrete and continuous probability distributions? 6. How do you compute the expected value of a random variable? 7. What is the role of probability in classification algorithms? 8. How is the concept of randomness used in AI models? 9. What is the importance of the law of large numbers? 10. How do you apply probability theory to real-world AI problems?"
"Mathematics for AI","Statistics","Analyze data through measures like mean, variance, and standard deviation.","https://www.youtube.com/watch?v=xxpc-HPKN28","Perform exploratory data analysis on a dataset.","1. What is the difference between descriptive and inferential statistics? 2. How do you calculate and interpret variance and standard deviation? 3. What is the significance of the normal distribution in statistics? 4. How are histograms used in data analysis? 5. What is the role of p-values in hypothesis testing? 6. How do you interpret correlation coefficients? 7. What is the central limit theorem and why is it important? 8. How are confidence intervals constructed and interpreted? 9. What is the difference between Type I and Type II errors? 10. How do you use statistical methods to detect outliers in data?"
"Mathematics for AI","Information Theory","Explore concepts like entropy and information gain, vital for decision-making in AI.","https://www.youtube.com/watch?v=1r9hn-4GdDY","Calculate the entropy of different datasets.","1. What is entropy in the context of information theory? 2. How is information gain used in decision tree algorithms? 3. What is the significance of mutual information? 4. How do you compute the Kullback-Leibler divergence? 5. What is the role of information theory in machine learning? 6. How is entropy used to measure uncertainty? 7. What is the relationship between entropy and data compression? 8. How do you interpret the concept of redundancy in information theory? 9. What is the significance of the Shannon limit? 10. How is information theory applied in neural network training?"

"Machine Learning","Supervised Learning","Learn how algorithms use labeled data to make predictions or decisions.","https://www.youtube.com/watch?v=Gv9_4yMHFhI","Implement a linear regression model to predict housing prices.","1. What is supervised learning? 2. How does linear regression work? 3. What is the difference between classification and regression? 4. How do you evaluate a supervised learning model? 5. What is overfitting and how can it be prevented? 6. What are common algorithms used in supervised learning? 7. How do decision trees make predictions? 8. What is the role of the loss function in supervised learning? 9. How does cross-validation help in model evaluation? 10. What is the bias-variance tradeoff?"
"Machine Learning","Unsupervised Learning","Explore how algorithms identify patterns in unlabeled data.","https://www.youtube.com/watch?v=Ev8YbxPu_bQ","Use k-means clustering to group customers based on purchasing behavior.","1. What is unsupervised learning? 2. How does k-means clustering work? 3. What is the elbow method in clustering? 4. How do you evaluate the performance of clustering algorithms? 5. What is hierarchical clustering? 6. How does principal component analysis (PCA) reduce dimensionality? 7. What are common applications of unsupervised learning? 8. What is the difference between clustering and association? 9. How do you handle high-dimensional data in unsupervised learning? 10. What challenges are associated with unsupervised learning?"
"Machine Learning","Reinforcement Learning","Understand how agents learn to make decisions through trial and error.","https://www.youtube.com/watch?v=2pWv7GOvuf0","Develop a simple game-playing agent using Q-learning.","1. What is reinforcement learning? 2. How does the exploration-exploitation tradeoff work? 3. What is a reward function? 4. How does Q-learning update values? 5. What is the difference between model-based and model-free methods? 6. How do Markov Decision Processes relate to reinforcement learning? 7. What is the role of the discount factor in reinforcement learning? 8. How does temporal difference learning work? 9. What are common applications of reinforcement learning? 10. What challenges are faced in reinforcement learning?"
"Machine Learning","Model Evaluation and Selection","Learn techniques to assess and choose the best machine learning models.","https://www.youtube.com/watch?v=85dtiMz9tSo","Compare different classifiers on a dataset using cross-validation.","1. What is cross-validation and why is it important? 2. How do you interpret a confusion matrix? 3. What is precision and recall? 4. How is the F1 score calculated? 5. What is the ROC curve and AUC? 6. How do you handle imbalanced datasets? 7. What is the difference between training and testing error? 8. How does regularization prevent overfitting? 9. What is hyperparameter tuning? 10. How do you select the best model for a given problem?"
"Machine Learning","Feature Engineering","Discover how to prepare and transform data for machine learning models.","https://www.youtube.com/watch?v=3g1J3UM2RrY","Create new features from existing data to improve model performance.","1. What is feature engineering? 2. How do you handle missing data? 3. What is one-hot encoding? 4. How does normalization differ from standardization? 5. What is feature selection and why is it important? 6. How do you deal with categorical variables? 7. What is the purpose of dimensionality reduction? 8. How does feature scaling affect model performance? 9. What are interaction features? 10. How do you assess the importance of features?"

"Deep Learning","Artificial Neural Networks (ANN)","Understand the structure and functioning of artificial neural networks, the foundation of deep learning.","https://www.youtube.com/watch?v=VyWAvY2CF9c","Build a simple ANN to classify handwritten digits using the MNIST dataset.","1. What is an artificial neural network? 2. How do neurons in an ANN process information? 3. What are activation functions and why are they important? 4. How does backpropagation work? 5. What is the role of weights and biases in an ANN? 6. How do you prevent overfitting in neural networks? 7. What is the difference between shallow and deep networks? 8. How is the learning rate chosen? 9. What is the vanishing gradient problem? 10. How do you initialize weights in an ANN?"
"Deep Learning","Convolutional Neural Networks (CNN)","Learn how CNNs are used for image and video recognition tasks.","https://www.youtube.com/watch?v=YRhxdVk_sIs","Implement a CNN to classify images from the CIFAR-10 dataset.","1. What is a convolutional neural network? 2. How do convolutional layers work? 3. What is the purpose of pooling layers? 4. How do you choose the kernel size? 5. What is padding and why is it used? 6. How does a CNN differ from a fully connected network? 7. What are common architectures of CNNs? 8. How do you prevent overfitting in CNNs? 9. What is transfer learning in the context of CNNs? 10. How are CNNs applied in real-world scenarios?"
"Deep Learning","Recurrent Neural Networks (RNN)","Explore how RNNs process sequential data like text and time series.","https://www.youtube.com/watch?v=6niqTuYFZLQ","Create an RNN to predict the next word in a sentence.","1. What is a recurrent neural network? 2. How do RNNs handle sequential data? 3. What is the vanishing gradient problem in RNNs? 4. How do LSTM and GRU units improve RNNs? 5. What are common applications of RNNs? 6. How do you train an RNN? 7. What is the difference between unidirectional and bidirectional RNNs? 8. How is backpropagation through time (BPTT) used in RNNs? 9. What are the limitations of RNNs? 10. How do you implement an RNN in practice?"
"Deep Learning","Generative Adversarial Networks (GAN)","Understand how GANs generate new data samples similar to a given dataset.","https://www.youtube.com/watch?v=8L11aMN5KY8","Develop a GAN to generate synthetic images resembling the MNIST dataset.","1. What is a generative adversarial network? 2. How do the generator and discriminator interact? 3. What are common challenges in training GANs? 4. How do you evaluate the performance of a GAN? 5. What are some applications of GANs? 6. How does the loss function work in GANs? 7. What is mode collapse in GANs? 8. How do conditional GANs differ from standard GANs? 9. What is the role of noise in GANs? 10. How can GANs be used in data augmentation?"
"Deep Learning","Transfer Learning","Learn how to leverage pre-trained models for new tasks, saving time and resources.","https://www.youtube.com/watch?v=LCfP8E1gG9U","Fine-tune a pre-trained ResNet model for a custom image classification task.","1. What is transfer learning? 2. How does transfer learning benefit deep learning projects? 3. What are common pre-trained models used in transfer learning? 4. How do you fine-tune a pre-trained model? 5. What is feature extraction in the context of transfer learning? 6. How do you decide which layers to freeze during fine-tuning? 7. What are the limitations of transfer learning? 8. How is transfer learning applied in NLP tasks? 9. What is the difference between inductive and transductive transfer learning? 10. How do you evaluate the performance of a transfer learning model?"

"Natural Language Processing (NLP)","Text Preprocessing","Learn techniques to clean and prepare text data for analysis, including tokenization, stopword removal, and stemming.","https://www.youtube.com/watch?v=OonDPGwAyfQ","Implement a text preprocessing pipeline for a dataset of news articles.","1. What is tokenization in NLP? 2. How do stemming and lemmatization differ? 3. Why is stopword removal important? 4. What challenges arise in text preprocessing? 5. How does text normalization aid in NLP tasks? 6. What is the role of regular expressions in text preprocessing? 7. How do you handle punctuation and special characters? 8. What is the impact of case folding? 9. How do you manage contractions in text? 10. What are common tools used for text preprocessing?"
"Natural Language Processing (NLP)","Word Embeddings","Understand how to represent words as vectors using techniques like Word2Vec and GloVe.","https://www.youtube.com/watch?v=ERibwqs9p38","Train Word2Vec embeddings on a custom corpus and visualize them.","1. What are word embeddings? 2. How does Word2Vec work? 3. What is the difference between CBOW and Skip-gram models? 4. How does GloVe differ from Word2Vec? 5. Why are word embeddings important in NLP? 6. How do you evaluate the quality of word embeddings? 7. What is the curse of dimensionality in embeddings? 8. How do contextual embeddings differ from static ones? 9. What are some applications of word embeddings? 10. How do you handle out-of-vocabulary words?"
"Natural Language Processing (NLP)","Sequence Modeling","Explore models that handle sequential data, such as RNNs and LSTMs, for tasks like language modeling.","https://www.youtube.com/watch?v=8HyCNIVRbSU","Build an LSTM model to predict the next word in a sentence.","1. What is sequence modeling in NLP? 2. How do RNNs process sequential data? 3. What problems do LSTMs solve compared to RNNs? 4. What is the vanishing gradient problem? 5. How does backpropagation through time work? 6. What are GRUs and how do they compare to LSTMs? 7. How do you handle long-term dependencies in sequences? 8. What is the role of attention mechanisms? 9. How are sequence models evaluated? 10. What are common applications of sequence modeling?"
"Natural Language Processing (NLP)","Transformer Models","Learn about transformer architectures like BERT and GPT for advanced NLP tasks.","https://www.youtube.com/watch?v=4Bdc55j80l8","Fine-tune a BERT model for sentiment analysis on movie reviews.","1. What is the transformer architecture? 2. How does self-attention work in transformers? 3. What are the differences between BERT and GPT models? 4. How is positional encoding used in transformers? 5. What is transfer learning in the context of transformers? 6. How do you fine-tune a pre-trained transformer model? 7. What are common applications of transformer models? 8. How do transformers handle long sequences? 9. What are the limitations of transformer models? 10. How do you evaluate transformer-based models?"
"Natural Language Processing (NLP)","Named Entity Recognition (NER)","Identify and classify named entities in text, such as people, organizations, and locations.","https://www.youtube.com/watch?v=YkZgVYzG0zg","Develop an NER system to extract entities from news articles.","1. What is Named Entity Recognition? 2. What are common entity categories in NER? 3. How do rule-based and machine learning approaches to NER differ? 4. What challenges exist in NER tasks? 5. How do you evaluate the performance of an NER system? 6. What is the role of context in NER? 7. How do pre-trained models assist in NER? 8. What is the impact of ambiguous entities on NER? 9. How do you handle nested entities? 10. What are some real-world applications of NER?"

"Computer Vision","Image Classification","Learn how to classify images into categories using convolutional neural networks (CNNs).","https://www.youtube.com/watch?v=2hXG8v8p0KM","Develop a CNN to classify images from the CIFAR-10 dataset.","1. What is image classification? 2. How do CNNs work for image classification? 3. What are common architectures used in image classification? 4. How do you evaluate the performance of an image classifier? 5. What is the role of data augmentation? 6. How does transfer learning aid image classification? 7. What are common challenges in image classification? 8. How do you handle class imbalance? 9. What is the impact of image resolution on classification? 10. How do you prevent overfitting in image classification models?"
"Computer Vision","Object Detection","Understand how to detect and localize objects within images using models like YOLO and SSD.","https://www.youtube.com/watch?v=OnTgbN3uXvw","Implement an object detection system to identify vehicles in traffic images.","1. What is object detection? 2. How does YOLO differ from other object detection models? 3. What are anchor boxes? 4. How do you evaluate object detection models? 5. What is non-maximum suppression? 6. How does SSD work for object detection? 7. What are common datasets used for object detection? 8. How do you handle multiple objects in an image? 9. What is the trade-off between speed and accuracy in object detection? 10. How do you deploy object detection models in real-time applications?"
"Computer Vision","Image Segmentation","Explore techniques to partition images into meaningful segments, such as semantic and instance segmentation.","https://www.youtube.com/watch?v=IA3WxTTPXqQ","Build a semantic segmentation model to identify different regions in road scenes.","1. What is image segmentation? 2. How does semantic segmentation differ from instance segmentation? 3. What are common architectures for image segmentation? 4. How do you evaluate segmentation models? 5. What is the role of skip connections in segmentation networks? 6. How does data annotation affect segmentation performance? 7. What are common challenges in image segmentation? 8. How do you handle class imbalance in segmentation tasks? 9. What is the impact of input resolution on segmentation? 10. How do you apply segmentation models to real-world applications?"
"Computer Vision","Facial Recognition","Learn how to identify and verify individuals using facial features.","https://www.youtube.com/watch?v=Oda1QqkmYh8","Develop a facial recognition system for access control.","1. What is facial recognition? 2. How does facial recognition differ from face detection? 3. What are common algorithms used in facial recognition? 4. How do you evaluate facial recognition systems? 5. What is the role of feature extraction in facial recognition? 6. How does lighting affect facial recognition performance? 7. What are ethical considerations in facial recognition? 8. How do you handle variations in facial expressions? 9. What is the impact of image quality on recognition accuracy? 10. How do you secure facial recognition systems against spoofing?"
"Computer Vision","Optical Character Recognition (OCR)","Understand how to extract text from images and scanned documents.","https://www.youtube.com/watch?v=eDIj5LuIL4A","Implement an OCR system to digitize printed documents.","1. What is OCR? 2. How does OCR differ from text recognition? 3. What are common challenges in OCR? 4. How do you preprocess images for OCR? 5. What are common OCR libraries and tools? 6. How do you handle different fonts and handwriting in OCR? 7. What is the role of language models in OCR? 8. How do you evaluate OCR accuracy? 9. What are applications of OCR in industry? 10. How do you improve OCR performance on noisy images?"

"Model Deployment & MLOps","CI/CD for ML Models","Learn how to implement Continuous Integration and Continuous Delivery pipelines for machine learning models.","https://www.youtube.com/watch?v=K6U-i4gXkLM","Set up a CI/CD pipeline using GitHub Actions to automate model testing and deployment.","1. What is CI/CD in the context of machine learning? 2. How does CI/CD differ from traditional software development? 3. What are the benefits of implementing CI/CD pipelines for ML models? 4. How do you handle versioning of machine learning models in a CI/CD pipeline? 5. What tools are commonly used for CI/CD in ML workflows? 6. How do you ensure reproducibility in your ML experiments? 7. What are the challenges in automating model deployment? 8. How do you manage dependencies in ML projects? 9. What is the role of containerization in CI/CD for ML? 10. How do you monitor the performance of models post-deployment?"
"Model Deployment & MLOps","Model Versioning & Management","Understand the importance of tracking and managing different versions of machine learning models.","https://www.youtube.com/watch?v=JwX7k7p1g5I","Implement model versioning using DVC (Data Version Control) to track changes in datasets and models.","1. What is model versioning and why is it important? 2. How does DVC facilitate model versioning? 3. What are the challenges in managing multiple versions of ML models? 4. How do you handle backward compatibility in model versions? 5. What strategies can be used to rollback to previous model versions? 6. How do you ensure that model updates do not degrade performance? 7. What is the role of metadata in model management? 8. How do you document changes between model versions? 9. What are the best practices for storing and retrieving model artifacts? 10. How do you integrate model versioning into your CI/CD pipeline?"
"Model Deployment & MLOps","Model Monitoring & Maintenance","Learn how to monitor the performance of deployed models and maintain their effectiveness over time.","https://www.youtube.com/watch?v=4e4V6Xx0V8k","Set up monitoring for a deployed model to track performance metrics and detect drift.","1. What is model drift and why is it a concern? 2. How do you monitor for data and concept drift? 3. What metrics are important to track in model monitoring? 4. How do you handle performance degradation in deployed models? 5. What tools are available for model monitoring? 6. How do you automate the retraining of models? 7. What is the role of feedback loops in model maintenance? 8. How do you ensure that models remain compliant with regulations? 9. What strategies can be used to update models without downtime? 10. How do you validate the effectiveness of a model update?"
"Model Deployment & MLOps","Model Deployment Strategies","Explore various strategies for deploying machine learning models into production environments.","https://www.youtube.com/watch?v=F5j7J2J0g9I","Implement a canary deployment strategy to roll out a new model version incrementally.","1. What are the different strategies for deploying ML models? 2. How does canary deployment work? 3. What are the advantages of blue-green deployment? 4. How do you manage traffic routing during model updates? 5. What is A/B testing in the context of model deployment? 6. How do you handle rollback procedures in case of deployment failure? 7. What are the challenges in deploying models at scale? 8. How do you ensure high availability of deployed models? 9. What is the role of load balancing in model deployment? 10. How do you manage resource allocation for deployed models?"
"Model Deployment & MLOps","MLOps Best Practices","Understand the best practices for implementing MLOps to streamline the deployment and maintenance of ML models.","https://www.youtube.com/watch?v=5bGZ7Yw5N9I","Establish an MLOps workflow that includes version control, automated testing, and continuous monitoring.","1. What are the core principles of MLOps? 2. How do you ensure collaboration between data scientists and operations teams? 3. What is the role of automation in MLOps? 4. How do you manage data pipelines in an MLOps workflow? 5. What are the best practices for model testing and validation? 6. How do you handle model governance and compliance? 7. What is the importance of reproducibility in ML workflows? 8. How do you manage model dependencies and environments? 9. What tools are commonly used in MLOps pipelines? 10. How do you measure the success of an MLOps implementation?"

"AI Ethics & Responsible AI","Ethical Principles in AI","Explore the foundational ethical principles guiding AI development, including fairness, transparency, non-maleficence, and accountability.","https://www.youtube.com/watch?v=QJ3p1p2Xz8s","Develop a set of ethical guidelines for an AI project, ensuring alignment with core ethical principles.","1. What are the core ethical principles in AI development? 2. How do fairness and non-discrimination apply to AI systems? 3. Why is transparency crucial in AI algorithms? 4. What does accountability entail in the context of AI? 5. How can AI systems be designed to prevent harm? 6. What role does user consent play in AI ethics? 7. How can biases in AI be identified and mitigated? 8. What are the challenges in implementing ethical guidelines in AI projects? 9. How do cultural differences influence AI ethics? 10. What frameworks exist for evaluating the ethical implications of AI systems?"
"AI Ethics & Responsible AI","Regulatory Frameworks for AI","Understand the global regulatory landscape governing AI, including the EU's AI Act and international treaties like the Framework Convention on AI.","https://www.youtube.com/watch?v=5vYx1bGz0L0","Analyze the impact of the EU's AI Act on AI development and deployment within the EU.","1. What is the EU's AI Act, and what are its main objectives? 2. How does the Framework Convention on AI aim to regulate AI technologies? 3. What are the key differences between various international AI regulations? 4. How do these regulations influence AI innovation? 5. What challenges do companies face in complying with AI regulations? 6. How do regulatory frameworks address AI ethics and human rights? 7. What role do governments play in AI governance? 8. How can international treaties harmonize global AI standards? 9. What are the penalties for non-compliance with AI regulations? 10. How do regulatory frameworks impact public trust in AI?"
"AI Ethics & Responsible AI","Implementing Responsible AI Practices","Learn strategies for integrating responsible AI practices into the AI development lifecycle, from design to deployment.","https://www.youtube.com/watch?v=7Y6sZ0z0z0s","Create a responsible AI implementation plan for a machine learning project, incorporating ethical reviews and impact assessments.","1. What are the steps to integrate responsible AI practices into the development lifecycle? 2. How can ethical reviews be structured during AI development? 3. What is the role of impact assessments in responsible AI? 4. How can diversity in development teams influence AI ethics? 5. What tools are available to assess AI ethics during development? 6. How can continuous monitoring ensure AI systems remain ethical post-deployment? 7. What are the challenges in implementing responsible AI practices? 8. How can organizations foster a culture of ethical AI development? 9. What training is necessary for teams developing AI systems ethically? 10. How can stakeholder feedback be incorporated into responsible AI practices?"
"AI Ethics & Responsible AI","Addressing Bias and Fairness in AI","Delve into methods for detecting and mitigating bias in AI systems to promote fairness and equity.","https://www.youtube.com/watch?v=8Xz0Y0z0z0s","Develop a framework to audit and mitigate biases in a given AI model, ensuring equitable outcomes.","1. What are common sources of bias in AI systems? 2. How can bias detection tools be utilized in AI development? 3. What methodologies exist for mitigating bias in machine learning models? 4. How does bias in AI affect different demographic groups? 5. What is the impact of biased AI on society? 6. How can fairness be quantitatively measured in AI systems? 7. What are the ethical implications of biased AI outcomes? 8. How can transparency in AI decision-making reduce bias? 9. What role do diverse datasets play in promoting fairness? 10. How can organizations ensure continuous improvement in AI fairness?"
"AI Ethics & Responsible AI","Ensuring Transparency and Explainability in AI","Understand the importance of making AI systems transparent and their decisions explainable to users.","https://www.youtube.com/watch?v=9Xz0Z0z0z0s","Implement an explainable AI module for a black-box model, providing users with understandable decision rationales.","1. Why is transparency crucial in AI systems? 2. What techniques are used to make AI decisions explainable? 3. How does explainability enhance user trust in AI? 4. What challenges exist in creating transparent AI models? 5. How can stakeholders benefit from understanding AI decision processes? 6. What is the trade-off between model complexity and explainability? 7. How can post-hoc explanation methods be applied to existing models? 8. What role does visualization play in explaining AI decisions? 9. How can regulatory requirements influence AI transparency? 10. What are the limitations of current explainability techniques?"

"Advanced Topics in AI","AI in Healthcare","Explore the applications of AI in healthcare, including diagnostics, personalized medicine, and patient care.","https://www.youtube.com/watch?v=AI_in_Healthcare_Tutorial","Develop an AI system to predict patient disease risk based on medical records.","1. How does AI assist in medical diagnostics? 2. What are the challenges of implementing AI in healthcare? 3. How can AI personalize patient treatment plans? 4. What ethical considerations arise when using AI in healthcare? 5. How does AI improve patient outcomes? 6. What data is essential for training healthcare AI models? 7. How can AI address healthcare disparities? 8. What are the limitations of AI in medical applications? 9. How does AI integrate with existing healthcare systems? 10. What future advancements do you anticipate in AI-driven healthcare?"
"Advanced Topics in AI","AI in Finance","Understand the role of AI in financial services, including fraud detection, algorithmic trading, and risk assessment.","https://www.youtube.com/watch?v=AI_in_Finance_Tutorial","Create an AI model to detect fraudulent financial transactions.","1. How does AI identify fraudulent activities in financial transactions? 2. What are the risks of using AI in financial decision-making? 3. How does AI enhance algorithmic trading strategies? 4. What data features are critical for financial AI models? 5. How does AI assess credit risk? 6. What regulatory challenges exist for AI in finance? 7. How can AI improve customer experience in banking? 8. What are the limitations of AI in financial forecasting? 9. How does AI contribute to financial inclusion? 10. What future trends do you see for AI in the financial sector?"
"Advanced Topics in AI","AI in Autonomous Vehicles","Delve into the AI technologies powering self-driving cars, including perception, decision-making, and control systems.","https://www.youtube.com/watch?v=AI_in_Autonomous_Vehicles_Tutorial","Develop an AI system for lane detection and obstacle avoidance in autonomous vehicles.","1. How does AI enable vehicles to perceive their environment? 2. What are the challenges in training AI for autonomous driving? 3. How does AI handle decision-making in complex traffic scenarios? 4. What role does sensor fusion play in autonomous vehicles? 5. How does AI ensure safety and reliability in self-driving cars? 6. What ethical dilemmas are associated with autonomous vehicle AI? 7. How does AI communicate with other vehicles and infrastructure? 8. What are the regulatory considerations for AI in transportation? 9. How does AI adapt to changing road conditions and unexpected events? 10. What advancements are needed for widespread adoption of autonomous vehicles?"
"Advanced Topics in AI","AI in Natural Language Processing (NLP)","Explore advanced NLP techniques, including transformer models, sentiment analysis, and language generation.","https://www.youtube.com/watch?v=AI_in_NLP_Tutorial","Build a sentiment analysis tool using transformer-based models.","1. How do transformer models differ from traditional RNNs in NLP? 2. What are the applications of sentiment analysis? 3. How does language generation AI create human-like text? 4. What challenges exist in multilingual NLP models? 5. How does AI handle context and ambiguity in language? 6. What ethical concerns arise with AI-generated text? 7. How can AI improve machine translation services? 8. What role does transfer learning play in NLP? 9. How does AI address biases in language models? 10. What future developments are expected in NLP with AI?"
"Advanced Topics in AI","AI in Robotics","Understand the integration of AI in robotics, including perception, motion planning, and human-robot interaction.","https://www.youtube.com/watch?v=AI_in_Robotics_Tutorial","Design a robotic arm that can sort objects based on color using AI vision systems.","1. How does AI enable robots to perceive and interpret their environment? 2. What are the key challenges in motion planning for robots? 3. How does AI facilitate human-robot collaboration? 4. What role does reinforcement learning play in robotic control? 5. How can robots learn from human demonstrations? 6. What safety considerations are there in deploying AI-powered robots? 7. How does AI handle uncertainty and variability in robotic tasks? 8. What are the applications of swarm robotics with AI? 9. How does AI contribute to autonomous navigation in robotics? 10. What are the future prospects of AI in industrial and service robotics?"

"AI-Powered Chatbot",Major,"Develop an intelligent chatbot capable of understanding and responding to user queries in natural language, enhancing user engagement and support services.","Intent Recognition Dataset (CSV format)","Python, Natural Language Toolkit (NLTK), TensorFlow"
"Handwritten Digit Recognition System",Major,"Create a system that recognizes handwritten digits from images, useful in applications like postal code reading and form processing.","MNIST Handwritten Digits Dataset (CSV format)","Python, scikit-learn, Keras"
"Spam Detection System",Minor,"Build a model that classifies emails or messages as spam or not spam based on their content, improving communication efficiency.","SMS Spam Collection Dataset (CSV format)","Python, pandas, scikit-learn"
"Music Recommendation System",Minor,"Develop a system that suggests music tracks to users based on their listening history and preferences, enhancing user experience.","Million Song Dataset (CSV format)","Python, Surprise library, collaborative filtering techniques"