"Module","Subtopic","Description","Video Links","Project","Interview Questions"
Module,Subtopic,Description,Video Link,Project Task,Interview Questions
"Blockchain Fundamentals","What is Blockchain?","Learn the core concept of blockchain, its structure, how blocks are linked, and why itâ€™s secure.","https://www.youtube.com/watch?v=qQJOdRFsdsg","Create a visual representation of a blockchain using Python lists.","1. What is a block in a blockchain, and what kind of data does it contain? 2. How does blockchain ensure data security and integrity without a central authority? 3. Describe the structure of a block. 4. How are blocks linked together? 5. What is the significance of the hash function in blockchain? 6. What makes data immutable in blockchain? 7. Can a blockchain be hacked? If so, how? 8. What is a genesis block? 9. How does a blockchain network handle data tampering? 10. Explain the role of distributed ledgers in blockchain."
"Blockchain Fundamentals","Decentralization","Understand decentralized networks vs centralized systems and the benefits of decentralization.","https://www.youtube.com/watch?v=5iesIki27zw","Compare centralized and decentralized voting systems.","1. What does decentralization mean in blockchain context? 2. How is decentralization different from distribution? 3. What are the advantages of decentralization? 4. Name some industries where decentralization can be applied. 5. How does decentralization enhance transparency? 6. What role does peer-to-peer architecture play in decentralization? 7. How does decentralization improve system resilience? 8. What are the trade-offs of a decentralized system? 9. How does decentralization affect trust models? 10. What technologies are essential for decentralization?"
"Blockchain Fundamentals","Consensus Mechanisms","Explore Proof of Work, Proof of Stake, and other consensus algorithms.","https://www.youtube.com/watch?v=sXP-8pD7PG4","Simulate a basic Proof of Work in Python.","1. What is the purpose of consensus in blockchain? 2. Explain how Proof of Work (PoW) functions. 3. How does Proof of Stake (PoS) differ from PoW? 4. What are the energy implications of PoW? 5. What is Delegated Proof of Stake (DPoS)? 6. What is Byzantine Fault Tolerance (BFT)? 7. How is consensus achieved in a public blockchain? 8. Can consensus mechanisms be manipulated? 9. What is the 51% attack in PoW systems? 10. What are some newer consensus mechanisms being developed?"
"Blockchain Fundamentals","Blockchain Use Cases","Learn about real-world applications of blockchain in finance, supply chain, healthcare, and more.","https://www.youtube.com/watch?v=gKA1mzajwyA","Create a document listing use cases with diagrams.","1. List three industries using blockchain effectively. 2. How is blockchain used in supply chain tracking? 3. Explain blockchain's role in cryptocurrency. 4. How can blockchain benefit healthcare records? 5. Describe a blockchain use case in finance. 6. How can voting systems benefit from blockchain? 7. What is a smart contract and where is it used? 8. How is identity verification handled using blockchain? 9. What are NFTs and how do they work with blockchain? 10. What are the key benefits of using blockchain in real-world applications?"

"Cryptography","Hash Functions","Understand how cryptographic hash functions (like SHA-256) secure data in blockchain.","https://www.youtube.com/watch?v=IGSBqgAuP6c","Create a hash generator using SHA-256 in Python.","1. What are the properties of a cryptographic hash function? 2. Why is SHA-256 important in blockchain? 3. How do hash functions ensure data integrity in blockchain? 4. Can you explain a scenario where a weak hash function could compromise blockchain security? 5. What is the role of a nonce in the context of SHA-256? 6. How would you compare SHA-256 with other hash functions like MD5 or SHA-1? 7. How do miners use hash functions in Proof of Work? 8. What makes a cryptographic hash function collision-resistant? 9. How does a hash function contribute to the immutability of blockchain data? 10. Why is SHA-256 preferred in Bitcoin over other algorithms?"
"Cryptography","Public and Private Keys","Learn how asymmetric encryption works and its role in blockchain transactions.","https://www.youtube.com/watch?v=GSIDS_lvRv4","Generate a public-private key pair and simulate signing data.","1. What is the difference between public and private keys? 2. How does asymmetric encryption work? 3. How does public-key infrastructure (PKI) enhance blockchain security? 4. Why is it necessary to keep the private key secure? 5. What is the role of the public key in a blockchain transaction? 6. Can you explain how digital wallets use public and private keys? 7. How do public and private keys help in preventing double-spending in blockchain? 8. What is the impact of losing a private key? 9. How is a private key generated and stored in a blockchain system? 10. Can you explain the concept of key pair generation in blockchain transactions?"
"Cryptography","Digital Signatures","Explore how digital signatures ensure authentication and integrity of transactions.","https://www.youtube.com/watch?v=Af_lQ1zUnoM","Simulate signing and verifying a blockchain transaction using Python.","1. What is a digital signature in blockchain? 2. How does a digital signature ensure authenticity? 3. How does blockchain use digital signatures to maintain integrity? 4. Why are digital signatures more secure than traditional signatures? 5. Can you explain the process of signing and verifying a blockchain transaction? 6. How does a digital signature prevent tampering with blockchain data? 7. What is the role of public and private keys in digital signatures? 8. How does a blockchain system verify the legitimacy of a digital signature? 9. What is the importance of the signature in securing smart contracts? 10. How do digital signatures protect against identity theft in blockchain transactions?"
"Cryptography","Security Challenges","Understand common security threats like 51% attacks, Sybil attacks, and double-spending.","https://www.youtube.com/watch?v=UjSLs4XzC4g","Create a report on how to mitigate blockchain security risks.","1. What is a 51% attack? 2. How can Sybil attacks be prevented in a blockchain network? 3. How does double-spending occur, and how can blockchain prevent it? 4. What is the impact of a 51% attack on a blockchain network? 5. What is a Sybil attack, and why is it a concern in blockchain systems? 6. Can blockchain prevent all types of attacks? If not, why? 7. What role does consensus mechanism play in mitigating security risks? 8. How does Proof of Work or Proof of Stake help prevent attacks? 9. Can a 51% attack happen in a Proof of Stake network? 10. How can smart contract vulnerabilities be mitigated in blockchain security?"


"Smart Contracts","Introduction to Smart Contracts","Learn what smart contracts are, how they work, and their benefits in blockchain ecosystems.","https://www.youtube.com/watch?v=ZE2HxTmxfrI","Write a basic smart contract for a 'Hello World' on the Ethereum blockchain.","1. What is a smart contract? 2. What makes smart contracts immutable?"
"Smart Contracts","Solidity Basics","Understand Solidity syntax, data types, and functions for writing smart contracts.","https://www.youtube.com/watch?v=ipwxYa-F1uY","Build a Solidity contract that stores and retrieves user data.","1. What are some basic data types in Solidity? 2. What is the visibility of a function?"
"Smart Contracts","Deploying on Ethereum","Learn how to deploy smart contracts on the Ethereum blockchain using tools like Remix and MetaMask.","https://www.youtube.com/watch?v=7pKrVB5f2W0","Deploy your first contract using Remix and interact using MetaMask.","1. What is the role of Remix IDE? 2. How do you connect MetaMask to Remix?"
"Smart Contracts","Gas and Optimization","Understand gas fees in Ethereum and best practices for optimizing smart contracts.","https://www.youtube.com/watch?v=CUfKc9CsyZY","Optimize an existing contract to reduce gas consumption.","1. What is gas in Ethereum? 2. How can smart contracts be optimized for gas usage?"

"Ethereum Fundamentals","Understanding Ethereum","Explore the architecture of Ethereum, its consensus mechanism, and native cryptocurrency (ETH).","https://www.youtube.com/watch?v=jxLkbJozKbY","Create a presentation explaining Ethereum architecture and use cases.","1. What is Ethereum? 2. How does Ethereum differ from Bitcoin?"
"DApps","Decentralized Application Basics","Learn how decentralized applications work and their advantages over traditional apps.","https://www.youtube.com/watch?v=3681ZYbDSSk","Build a basic DApp interface that connects to a smart contract.","1. What is a DApp? 2. What are key components of a DApp?"
"Web3.js Integration","Connecting Frontend with Blockchain","Use Web3.js to connect your frontend (HTML/CSS/JS) to Ethereum smart contracts.","https://www.youtube.com/watch?v=3YHbIqyYk_U","Create a web page that interacts with a deployed contract to fetch/store data.","1. What is Web3.js? 2. How do you connect Web3.js with MetaMask?"
"Event Handling","Listening to Smart Contract Events","Learn to handle blockchain events in your DApp using Web3.js.","https://www.youtube.com/watch?v=O_7QwZyT8dE","Add real-time event listening to your DApp for user-triggered actions.","1. What are events in Solidity? 2. How do DApps listen to blockchain events?"

"Solidity Arrays & Mappings","Data Structures in Solidity","Understand how arrays and mappings are used to store structured data.","https://www.youtube.com/watch?v=5jFhq3nFQnQ","Develop a contract that manages a list of users and their balances.","1. How do arrays work in Solidity? 2. What is a mapping in Solidity?"
"Modifiers & Access Control","Secure Your Functions","Learn to use modifiers for permissions and reusability in functions.","https://www.youtube.com/watch?v=0nA4B5L1I_c","Implement role-based access using modifiers in a voting contract.","1. What are function modifiers in Solidity? 2. How do you restrict access to functions?"
"Fallback & Receive Functions","Handling Ether Transfers","Understand how smart contracts receive and handle Ether with fallback and receive.","https://www.youtube.com/watch?v=Wn_Kb3MR_cU","Create a wallet contract that logs incoming Ether transfers.","1. What is the difference between fallback and receive functions? 2. How is Ether transferred to contracts?"
"Custom Errors & Try-Catch","Improving Error Handling","Use custom errors and try/catch blocks to handle exceptions efficiently.","https://www.youtube.com/watch?v=Yd5jG9C3k7s","Refactor a payment contract to use custom error handling.","1. How do custom errors reduce gas cost? 2. How is try/catch implemented in Solidity?"

"Gas Optimization Techniques","Optimizing Contract Execution","Learn strategies for reducing gas costs and optimizing contract execution in Solidity.","https://www.youtube.com/watch?v=v1Edy8Lg1QQ","Optimize a smart contract for token transfers to minimize gas costs.","1. How does gas optimization work in Solidity? 2. What are common ways to reduce gas usage?"
"Smart Contract Upgrades","Upgrading Smart Contracts","Understand patterns for upgrading smart contracts, like proxies and delegate calls.","https://www.youtube.com/watch?v=QdOdbt8aFg8","Develop an upgradable token contract using the proxy pattern.","1. What is a proxy contract? 2. How do you upgrade a smart contract on the Ethereum network?"
"Events & Logging","Event Logging in Smart Contracts","Learn how to use events for logging and tracking changes in a smart contract.","https://www.youtube.com/watch?v=RvfGxq3lx5o","Create a contract that emits events upon token transfer or balance update.","1. Why are events important in smart contracts? 2. How do events differ from function return values in Solidity?"
"Security Best Practices","Securing Smart Contracts","Learn security best practices to prevent common vulnerabilities like reentrancy, overflow, and underflow.","https://www.youtube.com/watch?v=kK9T6uE3lEc","Refactor a contract to prevent reentrancy attacks.","1. What is a reentrancy attack? 2. How do you prevent an overflow attack in Solidity?"

"Testing Frameworks","Truffle Testing","Learn how to write and run tests using the Truffle framework for Solidity contracts.","https://www.youtube.com/watch?v=CU85X1FPZ3I","Write unit tests for a simple smart contract using Truffle.","1. What is Truffle and how does it help in smart contract development? 2. How do you test smart contracts in Truffle?"
"Smart Contract Deployment","Deploying to Ethereum","Learn how to deploy smart contracts to the Ethereum network using tools like Truffle or Hardhat.","https://www.youtube.com/watch?v=_o5qXOrIKhQ","Deploy a simple smart contract on the Rinkeby test network.","1. What are the steps to deploy a smart contract to the Ethereum blockchain? 2. What is the difference between Rinkeby and Mainnet?"
"Hardhat Development","Using Hardhat for Smart Contract Development","Explore Hardhat, a popular Ethereum development environment, for testing, compiling, and deploying smart contracts.","https://www.youtube.com/watch?v=7yXQNOu8e6g","Set up a Hardhat project and deploy a smart contract to a test network.","1. How does Hardhat differ from Truffle? 2. What is Hardhat Network?"
"Integration Testing","Testing Smart Contracts with Frontend","Learn how to integrate smart contract testing with a frontend application using Web3.js or Ethers.js.","https://www.youtube.com/watch?v=Z2jpWI7hbI4","Integrate a smart contract with a React app and test user interactions.","1. How do you connect a smart contract to a frontend? 2. How do you use Web3.js for smart contract interactions?"

"DApp Overview","What is a DApp?","Understand the fundamentals of decentralized applications (DApps), their architecture, and how they work.","https://www.youtube.com/watch?v=6ZyqIHVFLp8","Build a simple decentralized to-do list application on Ethereum.","1. What is a DApp and how does it differ from a regular app? 2. What are the key components of a DApp?"
"Frontend Development for DApps","Interacting with Smart Contracts","Learn how to build the frontend for DApps using Web3.js or Ethers.js to interact with smart contracts.","https://www.youtube.com/watch?v=UvQ0xBUN7KI","Create a DApp that allows users to send transactions to an Ethereum smart contract.","1. How do you interact with a smart contract from the frontend? 2. What is Web3.js and Ethers.js?"
"Backend Development for DApps","Building a DApp Backend","Learn how to build a backend that interacts with Ethereum and decentralized storage like IPFS for DApps.","https://www.youtube.com/watch?v=IlHXq1v1NwE","Build a backend that communicates with Ethereum and stores data on IPFS.","1. How do you build the backend for a DApp? 2. How do you store data on IPFS?"
"Security Considerations","Securing DApps","Learn how to secure your decentralized applications against common vulnerabilities and attacks.","https://www.youtube.com/watch?v=8gL-XjbH9RQ","Perform a security audit of a simple DApp and fix vulnerabilities.","1. What are some common security risks associated with DApps? 2. How do you secure smart contract interactions?"

"Smart Contract Deployment Basics","Deploying a Smart Contract on Ethereum","Learn how to deploy a smart contract on the Ethereum blockchain using Remix, Truffle, and Hardhat.","https://www.youtube.com/watch?v=7Qn4z3h3yW4","Deploy a simple smart contract (e.g., a token contract) on the Ethereum testnet.","1. How do you deploy a smart contract on Ethereum? 2. What is the role of Remix in smart contract deployment?"
"Using Truffle Framework","Introduction to Truffle Framework","Understand how to use Truffle to develop, test, and deploy Ethereum-based smart contracts.","https://www.youtube.com/watch?v=F2B9sbCpPTc","Develop and deploy a smart contract using Truffle and Ganache.","1. What is Truffle used for in blockchain development? 2. How do you test a smart contract using Truffle?"
"Hardhat Framework","Deploying Smart Contracts with Hardhat","Learn how to deploy smart contracts using Hardhat, a popular Ethereum development environment.","https://www.youtube.com/watch?v=HkxGQk6z2yo","Create and deploy a smart contract using Hardhat on the Ethereum testnet.","1. What is Hardhat and how does it differ from Truffle? 2. How do you interact with smart contracts using Hardhat?"
"Gas Fees and Optimization","Gas Optimization for Smart Contracts","Understand how to minimize gas fees when deploying and interacting with smart contracts on Ethereum.","https://www.youtube.com/watch?v=OdY-wnIAYm8","Optimize a smart contract to reduce gas fees for transactions.","1. What is gas in Ethereum? 2. How do you optimize smart contracts to reduce gas consumption?"

"Major Project 1: Decentralized Finance (DeFi)","Building a Decentralized Lending Platform","Learn to build a decentralized lending and borrowing platform using smart contracts on Ethereum.","https://www.youtube.com/watch?v=0Tg6RrV3tNo","Build a decentralized lending platform where users can lend and borrow tokens.","1. What is DeFi and how does it differ from traditional finance? 2. How do you manage lending and borrowing logic in smart contracts?"
"Major Project 2: NFT Marketplace","Creating an NFT Marketplace","Develop an NFT marketplace where users can buy, sell, and trade NFTs using smart contracts.","https://www.youtube.com/watch?v=qr6rgYdq9zo","Create a marketplace where users can mint, buy, and sell NFTs using ERC-721 standard.","1. What is an NFT? 2. How do you integrate an NFT marketplace with a blockchain?"
"Minor Project 1: Token Creation and ICO","Creating an ERC-20 Token and ICO","Learn how to create your own ERC-20 token and launch an Initial Coin Offering (ICO).","https://www.youtube.com/watch?v=0qHJdUgeRVo","Develop your own ERC-20 token and create an ICO for the token.","1. What is an ERC-20 token? 2. How do you launch an ICO on Ethereum?"
"Minor Project 2: Smart Contract for Voting System","Build a Voting Smart Contract","Create a simple voting system smart contract to record votes on the Ethereum blockchain.","https://www.youtube.com/watch?v=2PGBm6fz6xY","Develop a smart contract for a decentralized voting system where votes are recorded on the blockchain.","1. How do you ensure security in a blockchain voting system? 2. How do you handle vote privacy and immutability?"