"Module","Subtopic","Description","Video Links","Projects","Interview Questions"
"HTML Basics","HTML Structure","Introduction to HTML, basic structure, and tags like <html>, <head>, <body>.","https://www.youtube.com/watch?v=UB1O30fR-EE","Build a simple personal webpage with HTML structure.","1. What is HTML and its purpose? 2. What are semantic tags in HTML? 3. What is the difference between block and inline elements? 4. How do you create a hyperlink in HTML? 5. What is the role of the <title> tag? 6. What are meta tags in HTML? 7. How do you add comments in HTML? 8. What is the difference between <div> and <span>? 9. What is the purpose of the <head> section? 10. How do you add an image in HTML?"
"HTML Forms","Form Elements","Learn how to create forms using <form>, <input>, <button>, and more.","https://www.youtube.com/watch?v=fNcJuPIZ2WE","Create a contact form with name, email, and message fields.","1. What are the different input types in HTML? 2. How do you create a dropdown list in HTML? 3. What is the purpose of the <label> tag? 4. How do you add a checkbox to a form? 5. What is the difference between GET and POST methods? 6. How do you create a radio button group? 7. What is the purpose of the action attribute in <form>? 8. How do you validate form data in HTML5? 9. What is the placeholder attribute used for? 10. How do you create a submit button in HTML?"
"CSS Basics","CSS Selectors and Properties","Introduction to CSS, including selectors, properties, and applying styles.","https://www.youtube.com/watch?v=1Rs2ND1ryYc","Style a webpage using basic CSS properties.","1. What are the types of CSS selectors? 2. What is the difference between id and class selectors? 3. What is the color property in CSS? 4. How do you apply multiple CSS classes to a single element? 5. What is the difference between internal and external CSS? 6. How do you use pseudo-classes in CSS? 7. What is the purpose of the z-index property? 8. How do you set a background image in CSS? 9. What is the opacity property used for? 10. How do you create a hover effect in CSS?"
"CSS Box Model","Margin, Padding, Border","Understanding the box model and how it affects layout.","https://www.youtube.com/watch?v=rIO5326FgPE","Create a styled card with margin, padding, and border effects.","1. What is the CSS box model? 2. How do you center a div using CSS? 3. What is the difference between padding and margin? 4. How do you apply borders to an element? 5. What is the purpose of the box-sizing property? 6. How do you add shadows to a box? 7. What is the difference between border and outline? 8. How do you set border radius? 9. What happens if you set negative margins? 10. How do you create a card with equal padding and border?"
"Responsive Design","Media Queries","Learn how to create responsive layouts using media queries.","https://www.youtube.com/watch?v=yU7jJ3NbPdA","Design a responsive webpage that adapts to different screen sizes.","1. What is a media query in CSS? 2. How do you make a website mobile-friendly? 3. What is the max-width property used for? 4. How do you create a responsive image gallery? 5. What is the difference between em and rem units? 6. How do you use vh and vw units in CSS? 7. What is the purpose of min-width and max-width? 8. How do you test responsiveness in the browser? 9. What is overflow in CSS? 10. How do you hide elements in different screen sizes?"
"CSS Flexbox","Flexbox Layout","Introduction to CSS Flexbox for flexible and responsive layouts.","https://www.youtube.com/watch?v=JJSoEo8JSnc","Build a navbar using Flexbox.","1. What is Flexbox in CSS? 2. How do you center items with Flexbox? 3. What is the difference between flex-start and flex-end? 4. What is justify-content in Flexbox? 5. How do you align items horizontally and vertically? 6. What is the flex-grow property? 7. What is the difference between align-items and align-content? 8. How do you create equal-width columns using Flexbox? 9. What is the flex-basis property? 10. How do you reverse the direction of Flexbox items?"
"CSS Grid","Grid Layout","Learn the fundamentals of CSS Grid for complex layouts.","https://www.youtube.com/watch?v=EFafSYg-PkI","Create a two-column webpage layout using CSS Grid.","1. What is the difference between Flexbox and Grid? 2. How do you define columns in CSS Grid? 3. What is grid-template-rows? 4. How do you span multiple columns in Grid? 5. What is the grid-gap property? 6. How do you align grid items horizontally? 7. What is grid-area in CSS Grid? 8. How do you create a full-page layout with CSS Grid? 9. What is the difference between auto-fill and auto-fit? 10. How do you overlap items in CSS Grid?"
"HTML5 and CSS3","New Features","Explore new features in HTML5 and CSS3.","https://www.youtube.com/watch?v=Wm6CUkswsNw","Enhance an HTML form with HTML5 validation and CSS3 effects.","1. What are the new features in HTML5? 2. How do you create rounded corners using CSS3? 3. What is the placeholder attribute in HTML5? 4. How do you use CSS3 animations? 5. What is localStorage in HTML5? 6. What is the data-* attribute used for? 7. How do you create a progress bar in HTML5? 8. What are keyframes in CSS3? 9. What is transform in CSS3? 10. How do you create a gradient background in CSS3?"
"Basic Website","Combining HTML and CSS","Combine HTML and CSS to create a basic static website.","https://www.youtube.com/watch?v=PlxWf493en4","Develop a portfolio website with multiple pages.","1. How do you link an external CSS file to an HTML page? 2. What is the difference between inline and external CSS? 3. How do you create a navigation menu with HTML and CSS? 4. How do you add a favicon to a website? 5. What is the :hover pseudo-class used for? 6. How do you create a footer in HTML? 7. What is the position property in CSS? 8. How do you create a sticky header? 9. How do you add icons to a website? 10. What is the difference between absolute and relative positioning in CSS?"
"Version Control","Introduction to Git","Learn the basics of Git and version control.","https://www.youtube.com/watch?v=SWYqp7iY_Tc","Create a Git repository and push a basic project to GitHub.","1. What is Git and why is it used? 2. How do you create a new branch in Git? 3. What is the difference between git pull and git fetch? 4. How do you resolve merge conflicts in Git? 5. What is the purpose of .gitignore? 6. How do you undo the last commit? 7. What is git stash used for? 8. How do you check the Git log? 9. How do you clone a repository? 10. What is the difference between git merge and git rebase?"

"Node.js Basics","Introduction to Node.js","Learn the fundamentals of Node.js, a JavaScript runtime for building backend applications.","https://www.youtube.com/watch?v=TlB_eWDSMt4","Create a simple server using Node.js.","1. What is Node.js and why is it used? 2. What is the difference between Node.js and JavaScript? 3. How do you create a basic server in Node.js? 4. What is the purpose of npm in Node.js? 5. What is the package.json file used for? 6. How do you install dependencies in Node.js? 7. What is the difference between synchronous and asynchronous code in Node.js? 8. How do you export and import modules in Node.js? 9. What is require() in Node.js? 10. What is the difference between fs and path modules?"
"Express.js","Building a REST API","Learn how to build RESTful APIs using Express.js.","https://www.youtube.com/watch?v=SccSCuHhOw0","Create a REST API with CRUD operations.","1. What is Express.js? 2. How do you create a server using Express? 3. What are middleware functions in Express? 4. How do you define routes in Express.js? 5. What is the difference between app.get() and app.post()? 6. How do you handle errors in Express? 7. What is body-parser used for? 8. How do you send JSON responses in Express? 9. What is the difference between req.params and req.query? 10. How do you create dynamic routes in Express.js?"
"RESTful APIs","API Architecture","Learn the fundamentals of RESTful APIs and how they work.","https://www.youtube.com/watch?v=lsMQRaeKNDk","Build a RESTful API to manage products.","1. What is a RESTful API? 2. What are the HTTP methods used in REST? 3. What is the difference between GET, POST, PUT, and DELETE? 4. What are status codes in RESTful APIs? 5. What is the purpose of URL parameters? 6. How do you implement authentication in a RESTful API? 7. What is JSON in REST APIs? 8. What is the difference between REST and SOAP? 9. How do you handle CORS in REST APIs? 10. What is pagination in RESTful APIs?"
"Middleware","Express Middleware","Understand how to use middleware in Express.js.","https://www.youtube.com/watch?v=9TSBKO59u0Y","Create middleware to log request details.","1. What is middleware in Express.js? 2. How do you define custom middleware? 3. What are the types of middleware in Express? 4. How do you handle errors with middleware? 5. What is next() in middleware? 6. What is third-party middleware? 7. How do you use app.use() in Express? 8. What is the difference between application-level and router-level middleware? 9. How do you pass data between middleware functions? 10. What are built-in middleware functions in Express?"
"Database Basics","SQL vs NoSQL","Learn the difference between SQL and NoSQL databases.","https://www.youtube.com/watch?v=ZS_kXvOeQ5Y","Create a schema for a user management system.","1. What is a database? 2. What is the difference between SQL and NoSQL? 3. What are examples of SQL and NoSQL databases? 4. What is the difference between tables and collections? 5. How do you structure data in SQL? 6. What is normalization in databases? 7. What is denormalization? 8. What are primary and foreign keys? 9. What is the difference between relational and non-relational databases? 10. What is an index in databases?"
"MongoDB Basics","Introduction to MongoDB","Learn how to work with MongoDB, a NoSQL database.","https://www.youtube.com/watch?v=-56x56UppqQ","Create a MongoDB collection and insert data.","1. What is MongoDB? 2. What is the difference between MongoDB and SQL databases? 3. How do you create a collection in MongoDB? 4. What is the difference between insertOne() and insertMany()? 5. What is a BSON document? 6. How do you query data in MongoDB? 7. What is the difference between find() and findOne()? 8. What is indexing in MongoDB? 9. How do you delete documents in MongoDB? 10. What is aggregation in MongoDB?"
"CRUD Operations","Create, Read, Update, Delete","Learn how to perform CRUD operations in MongoDB.","https://www.youtube.com/watch?v=excRbA7fy_A","Create a CRUD API to manage tasks.","1. What is CRUD? 2. How do you create a new document in MongoDB? 3. What is the find() method used for? 4. How do you update documents in MongoDB? 5. What is the difference between updateOne() and updateMany()? 6. How do you delete documents in MongoDB? 7. What is deleteOne() used for? 8. How do you use findById() in MongoDB? 9. What is save() method in MongoDB? 10. How do you handle errors in CRUD operations?"
"Authentication","JWT Authentication","Learn how to implement JWT authentication in Node.js.","https://www.youtube.com/watch?v=2jqok-WgelI","Create a login system with JWT authentication.","1. What is JWT? 2. How does JWT authentication work? 3. What is the structure of a JWT token? 4. How do you create a JWT token in Node.js? 5. What is token expiration? 6. How do you verify a JWT token? 7. What is the difference between JWT and OAuth? 8. How do you store JWT tokens securely? 9. What are refresh tokens? 10. How do you handle JWT token expiration?"
"Environment Variables","Configuring Environment","Learn how to use environment variables in Node.js.","https://www.youtube.com/watch?v=17UVejOw3zA","Use environment variables for database connection settings.","1. What are environment variables? 2. How do you use .env files in Node.js? 3. What is process.env in Node.js? 4. How do you load environment variables? 5. Why should you use environment variables? 6. How do you access environment variables in Express? 7. What is dotenv in Node.js? 8. How do you store sensitive data using environment variables? 9. What is config.js file used for? 10. How do you change environment configurations?"
"Deployment","Deploying Backend","Learn how to deploy Node.js applications.","https://www.youtube.com/watch?v=7xYVC2QWL9o","Deploy a Node.js app on Heroku.","1. How do you deploy a Node.js app? 2. What is Heroku? 3. What are environment variables in deployment? 4. How do you configure a production build? 5. What is PM2 used for? 6. How do you deploy with Docker? 7. What is CI/CD? 8. What is the difference between staging and production? 9. What is serverless deployment? 10. How do you monitor a deployed app?"

"Authentication & Authorization","OAuth and JWT","Learn how to implement OAuth and JWT authentication for secure APIs.","https://www.youtube.com/watch?v=2jqok-WgelI","Build a secure login system using JWT and OAuth.","1. What is the difference between authentication and authorization? 2. What is OAuth and how does it work? 3. What are the components of OAuth 2.0? 4. What is JWT and why is it used? 5. How do you create and verify JWT tokens? 6. What is token-based authentication? 7. How do you handle token expiration in JWT? 8. What is the difference between access tokens and refresh tokens? 9. How do you implement OAuth in a Node.js application? 10. How do you secure APIs using JWT?"
"API Security","Rate Limiting and CORS","Learn how to secure APIs using rate limiting, CORS, and best practices.","https://www.youtube.com/watch?v=f2z2b1ReXTo","Implement CORS and rate limiting in an Express.js API.","1. What is CORS and why is it important? 2. How do you enable CORS in Express.js? 3. What is rate limiting? 4. How do you prevent brute force attacks? 5. What is API throttling? 6. How do you use Helmet.js for security? 7. What is SQL injection and how do you prevent it? 8. How do you sanitize input data? 9. What is the purpose of HTTPS in API security? 10. What is Cross-Site Scripting (XSS) and how do you prevent it?"
"Data Validation","Schema Validation","Learn how to validate data using libraries like Joi or Mongoose.","https://www.youtube.com/watch?v=Axvjf7bwFck","Validate user data before saving to the database.","1. What is data validation? 2. How do you validate form data? 3. What is Joi and how does it work? 4. How do you use Mongoose for schema validation? 5. What is the difference between client-side and server-side validation? 6. How do you handle validation errors? 7. What is input sanitization? 8. What is regex validation? 9. How do you create custom validation rules? 10. What is data normalization in validation?"
"Session Management","Handling Sessions","Learn how to manage user sessions with cookies and tokens.","https://www.youtube.com/watch?v=7Q17ubqLfaM","Create a login system with session management.","1. What is a session in web development? 2. How do you create a session in Express.js? 3. What is the difference between cookies and sessions? 4. How do you store session data in MongoDB? 5. What is the express-session package? 6. How do you implement session expiration? 7. What is the difference between persistent and non-persistent sessions? 8. How do you secure session data? 9. What is session hijacking? 10. How do you use Redis for session storage?"
"File Uploads","File Handling in Backend","Learn how to handle file uploads using Multer in Node.js.","https://www.youtube.com/watch?v=srPXMt1Q0nY","Create a file upload API using Multer.","1. What is Multer in Node.js? 2. How do you handle file uploads in Express? 3. What is the difference between single() and array() in Multer? 4. How do you validate file types? 5. How do you set the upload destination? 6. What are the common security risks in file uploads? 7. How do you limit file size during upload? 8. What is the purpose of req.file in Multer? 9. How do you handle multiple file uploads? 10. How do you display uploaded files in the frontend?"
"WebSockets","Real-Time Communication","Learn how to use WebSockets for real-time applications.","https://www.youtube.com/watch?v=ZKEqqIO7n-k","Build a real-time chat app with WebSockets.","1. What is WebSockets? 2. How do you create a WebSocket server in Node.js? 3. What is the difference between HTTP and WebSockets? 4. How do you handle WebSocket connections? 5. What is socket.io in Node.js? 6. How do you broadcast messages in WebSockets? 7. What is the on event listener in WebSockets? 8. How do you handle disconnections? 9. What is the difference between polling and WebSockets? 10. How do you implement authentication in WebSockets?"
"Background Jobs","Asynchronous Task Scheduling","Learn how to handle background jobs using libraries like node-cron.","https://www.youtube.com/watch?v=eg6g7iHCJDA","Create a cron job to run scheduled tasks.","1. What is a background job? 2. What is node-cron used for? 3. How do you schedule tasks in Node.js? 4. What is the difference between setTimeout() and setInterval()? 5. How do you run background jobs asynchronously? 6. How do you handle errors in background jobs? 7. What is job queueing? 8. What are the use cases for background jobs? 9. How do you monitor background jobs? 10. What is RabbitMQ and how is it used in background jobs?"
"Microservices","Introduction to Microservices","Learn the basics of building microservices in Node.js.","https://www.youtube.com/watch?v=Uz5aT7Oc-pE","Build a microservice-based architecture with Node.js.","1. What are microservices? 2. What is the difference between monolithic and microservice architecture? 3. What is API Gateway in microservices? 4. How do you deploy microservices? 5. What is service discovery in microservices? 6. What is inter-service communication? 7. How do you handle data consistency in microservices? 8. What is the role of Docker in microservices? 9. What is the difference between synchronous and asynchronous communication in microservices? 10. How do you monitor microservices?"
"GraphQL","GraphQL vs REST APIs","Learn how to build APIs with GraphQL.","https://www.youtube.com/watch?v=ed8SzALpx1Q","Create a GraphQL API for fetching user data.","1. What is GraphQL? 2. What is the difference between GraphQL and REST APIs? 3. What is a resolver in GraphQL? 4. How do you define types in GraphQL? 5. What is a query in GraphQL? 6. What is mutation in GraphQL? 7. How do you handle errors in GraphQL? 8. What is schema stitching? 9. How do you cache data in GraphQL? 10. What is Apollo Client?"
"Serverless Backend","Introduction to Serverless","Learn how to create serverless functions using AWS Lambda.","https://www.youtube.com/watch?v=KngM5bfpttA","Deploy a serverless function with AWS Lambda.","1. What is serverless architecture? 2. What is AWS Lambda? 3. How do you create a serverless function? 4. What are the benefits of serverless architecture? 5. What is the difference between FaaS and PaaS? 6. How do you deploy serverless functions? 7. What is API Gateway in serverless? 8. How do you handle errors in serverless functions? 9. What is the cold start problem in serverless? 10. How do you optimize serverless functions?"
"SQL Basics","Introduction to SQL","Learn the fundamentals of SQL, including creating, reading, updating, and deleting data.","https://www.youtube.com/watch?v=HXV3zeQKqGY","Create a simple database and perform CRUD operations.","1. What is SQL? 2. What is the difference between SQL and NoSQL? 3. What is a table in SQL? 4. How do you create a table in SQL? 5. What is the SELECT statement used for? 6. How do you update records in SQL? 7. What is the difference between DELETE and TRUNCATE? 8. What are SQL constraints? 9. What is the difference between CHAR and VARCHAR? 10. How do you perform filtering with WHERE?"
"SQL Joins","Joining Tables","Learn how to use SQL joins to combine data from multiple tables.","https://www.youtube.com/watch?v=9yeOJ0ZMUYw","Create a database with multiple tables and use different joins to query data.","1. What is a SQL join? 2. What are the types of joins in SQL? 3. What is the difference between INNER JOIN and OUTER JOIN? 4. What is a LEFT JOIN? 5. What is a RIGHT JOIN? 6. How do you perform a self-join? 7. What is a cross join? 8. What is the ON clause in joins? 9. What is the difference between JOIN and UNION? 10. How do you optimize SQL join queries?"
"SQL Optimization","Query Optimization","Learn how to optimize SQL queries for better performance.","https://www.youtube.com/watch?v=1jVxLQz6v0I","Optimize a slow SQL query using indexing and proper filtering.","1. What is query optimization in SQL? 2. What are SQL indexes? 3. How do indexes improve query performance? 4. What is EXPLAIN used for? 5. How do you optimize SELECT statements? 6. What is the difference between clustered and non-clustered indexes? 7. What is SQL execution plan? 8. How do you avoid full table scans? 9. What is the impact of ORDER BY on performance? 10. How do you optimize complex joins?"
"Normalization","Database Normalization","Learn the principles of database normalization and how to apply them.","https://www.youtube.com/watch?v=6WSPm2qW064","Normalize an existing database schema into 3NF.","1. What is database normalization? 2. What are the normal forms in SQL? 3. What is 1NF, 2NF, and 3NF? 4. What is the purpose of normalization? 5. What is denormalization? 6. What are the advantages of normalization? 7. What is transitive dependency? 8. What is partial dependency? 9. How do you normalize a table? 10. What is the difference between normalization and denormalization?"
"NoSQL Basics","Introduction to NoSQL","Learn the fundamentals of NoSQL databases and their usage.","https://www.youtube.com/watch?v=BgRoiTWkBHU","Create a NoSQL database and insert sample data.","1. What is NoSQL? 2. What are the types of NoSQL databases? 3. What is the difference between SQL and NoSQL? 4. What is a document-based NoSQL database? 5. What is MongoDB? 6. What are key-value stores? 7. What is eventual consistency in NoSQL? 8. What is sharding in NoSQL? 9. What is the CAP theorem? 10. What are the advantages of NoSQL?"
"MongoDB","CRUD Operations in MongoDB","Learn how to perform CRUD operations in MongoDB.","https://www.youtube.com/watch?v=3dHNOWTI7H8","Create a MongoDB collection and implement CRUD operations.","1. What is MongoDB? 2. How do you create a collection in MongoDB? 3. What is the difference between insertOne() and insertMany()? 4. How do you query data in MongoDB? 5. What is the difference between find() and findOne()? 6. How do you update documents in MongoDB? 7. What is the difference between updateOne() and updateMany()? 8. How do you delete documents in MongoDB? 9. What is indexing in MongoDB? 10. What is aggregation in MongoDB?"
"Database Relationships","Modeling Relationships","Learn how to model relationships between tables in SQL and MongoDB.","https://www.youtube.com/watch?v=hqE1BQ1PknM","Create a relational database with multiple table relationships.","1. What are database relationships? 2. What is a one-to-one relationship? 3. What is a one-to-many relationship? 4. What is a many-to-many relationship? 5. What is referential integrity? 6. What are foreign keys in SQL? 7. How do you model relationships in MongoDB? 8. What is data redundancy? 9. What is cascade delete in relationships? 10. What is the difference between parent and child tables?"
"Data Indexing","Indexing Strategies","Learn how to use indexing to optimize database performance.","https://www.youtube.com/watch?v=yZ_cxBoWvlo","Optimize a large dataset query using indexing.","1. What is an index in SQL? 2. What is the difference between clustered and non-clustered indexes? 3. How do you create an index in SQL? 4. What is a composite index? 5. What are the benefits of indexing? 6. What is a unique index? 7. What are the limitations of indexing? 8. How do you analyze index performance? 9. What is an index scan? 10. How do you remove an index?"
"Transactions","ACID and Transactions","Learn how to use transactions for consistent database operations.","https://www.youtube.com/watch?v=kJX3vq5x5Mw","Implement a transaction in SQL to transfer money between accounts.","1. What is a transaction in SQL? 2. What is ACID in database transactions? 3. What is atomicity in transactions? 4. What is consistency in transactions? 5. What is isolation in transactions? 6. What is durability in transactions? 7. How do you create a transaction in SQL? 8. What is rollback in SQL? 9. What is commit in SQL? 10. What are nested transactions?"
"Database Security","Securing Databases","Learn how to secure SQL and NoSQL databases.","https://www.youtube.com/watch?v=87LQ4DnuP0U","Add user authentication and data encryption to a database.","1. What is database security? 2. What is SQL injection? 3. How do you prevent SQL injection attacks? 4. What is data encryption? 5. How do you use SSL in MongoDB? 6. What is role-based access control (RBAC)? 7. How do you implement authentication in SQL? 8. What is the difference between encryption and hashing? 9. What is a firewall in database security? 10. How do you audit database logs?"

"SQL Basics","Introduction to SQL","Learn the fundamentals of SQL, including creating, reading, updating, and deleting data.","https://www.youtube.com/watch?v=HXV3zeQKqGY","Create a simple database and perform CRUD operations.","1. What is SQL? 2. What is the difference between SQL and NoSQL? 3. What is a table in SQL? 4. How do you create a table in SQL? 5. What is the SELECT statement used for? 6. How do you update records in SQL? 7. What is the difference between DELETE and TRUNCATE? 8. What are SQL constraints? 9. What is the difference between CHAR and VARCHAR? 10. How do you perform filtering with WHERE?"
"SQL Joins","Joining Tables","Learn how to use SQL joins to combine data from multiple tables.","https://www.youtube.com/watch?v=9yeOJ0ZMUYw","Create a database with multiple tables and use different joins to query data.","1. What is a SQL join? 2. What are the types of joins in SQL? 3. What is the difference between INNER JOIN and OUTER JOIN? 4. What is a LEFT JOIN? 5. What is a RIGHT JOIN? 6. How do you perform a self-join? 7. What is a cross join? 8. What is the ON clause in joins? 9. What is the difference between JOIN and UNION? 10. How do you optimize SQL join queries?"
"SQL Optimization","Query Optimization","Learn how to optimize SQL queries for better performance.","https://www.youtube.com/watch?v=1jVxLQz6v0I","Optimize a slow SQL query using indexing and proper filtering.","1. What is query optimization in SQL? 2. What are SQL indexes? 3. How do indexes improve query performance? 4. What is EXPLAIN used for? 5. How do you optimize SELECT statements? 6. What is the difference between clustered and non-clustered indexes? 7. What is SQL execution plan? 8. How do you avoid full table scans? 9. What is the impact of ORDER BY on performance? 10. How do you optimize complex joins?"
"Normalization","Database Normalization","Learn the principles of database normalization and how to apply them.","https://www.youtube.com/watch?v=6WSPm2qW064","Normalize an existing database schema into 3NF.","1. What is database normalization? 2. What are the normal forms in SQL? 3. What is 1NF, 2NF, and 3NF? 4. What is the purpose of normalization? 5. What is denormalization? 6. What are the advantages of normalization? 7. What is transitive dependency? 8. What is partial dependency? 9. How do you normalize a table? 10. What is the difference between normalization and denormalization?"
"NoSQL Basics","Introduction to NoSQL","Learn the fundamentals of NoSQL databases and their usage.","https://www.youtube.com/watch?v=BgRoiTWkBHU","Create a NoSQL database and insert sample data.","1. What is NoSQL? 2. What are the types of NoSQL databases? 3. What is the difference between SQL and NoSQL? 4. What is a document-based NoSQL database? 5. What is MongoDB? 6. What are key-value stores? 7. What is eventual consistency in NoSQL? 8. What is sharding in NoSQL? 9. What is the CAP theorem? 10. What are the advantages of NoSQL?"
"MongoDB","CRUD Operations in MongoDB","Learn how to perform CRUD operations in MongoDB.","https://www.youtube.com/watch?v=3dHNOWTI7H8","Create a MongoDB collection and implement CRUD operations.","1. What is MongoDB? 2. How do you create a collection in MongoDB? 3. What is the difference between insertOne() and insertMany()? 4. How do you query data in MongoDB? 5. What is the difference between find() and findOne()? 6. How do you update documents in MongoDB? 7. What is the difference between updateOne() and updateMany()? 8. How do you delete documents in MongoDB? 9. What is indexing in MongoDB? 10. What is aggregation in MongoDB?"
"Database Relationships","Modeling Relationships","Learn how to model relationships between tables in SQL and MongoDB.","https://www.youtube.com/watch?v=hqE1BQ1PknM","Create a relational database with multiple table relationships.","1. What are database relationships? 2. What is a one-to-one relationship? 3. What is a one-to-many relationship? 4. What is a many-to-many relationship? 5. What is referential integrity? 6. What are foreign keys in SQL? 7. How do you model relationships in MongoDB? 8. What is data redundancy? 9. What is cascade delete in relationships? 10. What is the difference between parent and child tables?"
"Data Indexing","Indexing Strategies","Learn how to use indexing to optimize database performance.","https://www.youtube.com/watch?v=yZ_cxBoWvlo","Optimize a large dataset query using indexing.","1. What is an index in SQL? 2. What is the difference between clustered and non-clustered indexes? 3. How do you create an index in SQL? 4. What is a composite index? 5. What are the benefits of indexing? 6. What is a unique index? 7. What are the limitations of indexing? 8. How do you analyze index performance? 9. What is an index scan? 10. How do you remove an index?"
"Transactions","ACID and Transactions","Learn how to use transactions for consistent database operations.","https://www.youtube.com/watch?v=kJX3vq5x5Mw","Implement a transaction in SQL to transfer money between accounts.","1. What is a transaction in SQL? 2. What is ACID in database transactions? 3. What is atomicity in transactions? 4. What is consistency in transactions? 5. What is isolation in transactions? 6. What is durability in transactions? 7. How do you create a transaction in SQL? 8. What is rollback in SQL? 9. What is commit in SQL? 10. What are nested transactions?"
"Database Security","Securing Databases","Learn how to secure SQL and NoSQL databases.","https://www.youtube.com/watch?v=87LQ4DnuP0U","Add user authentication and data encryption to a database.","1. What is database security? 2. What is SQL injection? 3. How do you prevent SQL injection attacks? 4. What is data encryption? 5. How do you use SSL in MongoDB? 6. What is role-based access control (RBAC)? 7. How do you implement authentication in SQL? 8. What is the difference between encryption and hashing? 9. What is a firewall in database security? 10. How do you audit database logs?"

"Version Control","Git Basics","Learn the fundamentals of Git for version control, including commits, branches, and merging.","https://www.youtube.com/watch?v=SWYqp7iY_Tc","Create a Git repository, add commits, and merge branches.","1. What is Git? 2. How do you initialize a Git repository? 3. What is the difference between git add and git commit? 4. What is the purpose of branching in Git? 5. What is a merge conflict? 6. How do you resolve a merge conflict? 7. What is the difference between git pull and git fetch? 8. What is Git rebase? 9. How do you create a new branch in Git? 10. What is git stash used for?"
"GitHub and GitLab","Repository Hosting","Learn how to use GitHub and GitLab for hosting and collaborating on code repositories.","https://www.youtube.com/watch?v=nhNq2kIvi9s","Push a project to GitHub and collaborate with teammates.","1. What is GitHub? 2. How do you create a new repository on GitHub? 3. What is the difference between GitHub and GitLab? 4. How do you fork a repository? 5. What is a pull request? 6. How do you merge a pull request? 7. What is GitHub Actions? 8. How do you set up SSH keys with GitHub? 9. What is GitHub Issues? 10. How do you create a GitHub release?"
"Continuous Integration (CI)","CI Basics","Learn the fundamentals of Continuous Integration and its benefits in DevOps.","https://www.youtube.com/watch?v=1jVxLQz6v0I","Set up a CI pipeline using GitHub Actions.","1. What is Continuous Integration (CI)? 2. What are the benefits of CI? 3. How do you set up a CI pipeline? 4. What is GitHub Actions? 5. What is Jenkins? 6. What is the difference between CI and CD? 7. How do you automate testing in CI? 8. What is a build trigger? 9. What is the purpose of CI in DevOps? 10. What is Docker in CI/CD pipelines?"
"Continuous Deployment (CD)","CD Basics","Learn how to automate the deployment process using Continuous Deployment.","https://www.youtube.com/watch?v=1CHH1i_B0GA","Deploy an application using GitHub Actions and CD pipeline.","1. What is Continuous Deployment (CD)? 2. What is the difference between Continuous Integration and Continuous Deployment? 3. What is a deployment pipeline? 4. How do you set up auto-deployment in GitHub Actions? 5. What is the purpose of CD in DevOps? 6. What is Docker in CD? 7. What is Kubernetes? 8. How do you automate production deployment? 9. What are deployment triggers? 10. What is the difference between blue-green and canary deployment?"
"Docker","Containerization with Docker","Learn how to containerize applications using Docker.","https://www.youtube.com/watch?v=fqMOX6JJhGo","Create and run a Docker container for a Node.js app.","1. What is Docker? 2. What is containerization? 3. How do you install Docker? 4. What is the difference between images and containers? 5. How do you create a Docker container? 6. What is a Dockerfile? 7. How do you expose ports in Docker? 8. What is the difference between docker run and docker exec? 9. What is Docker Compose? 10. How do you manage Docker volumes?"
"Container Orchestration","Kubernetes Basics","Learn how to manage and scale containerized applications using Kubernetes.","https://www.youtube.com/watch?v=X48VuDVv0do","Deploy a multi-container application using Kubernetes.","1. What is Kubernetes? 2. What is the difference between Docker and Kubernetes? 3. What is a Kubernetes Pod? 4. What is a Kubernetes Deployment? 5. What is the role of kubectl in Kubernetes? 6. How do you scale applications in Kubernetes? 7. What is a service in Kubernetes? 8. What is a Kubernetes cluster? 9. How do you manage secrets in Kubernetes? 10. What is Helm in Kubernetes?"
"Cloud Deployment","Deploying on AWS and Heroku","Learn how to deploy applications on cloud platforms like AWS and Heroku.","https://www.youtube.com/watch?v=B0k0dqCmK3w","Deploy a Node.js app on AWS and Heroku.","1. What is cloud deployment? 2. How do you deploy an application on AWS? 3. What is EC2 in AWS? 4. How do you use Elastic Beanstalk? 5. What is the difference between Heroku and AWS? 6. How do you deploy a Dockerized app on Heroku? 7. What is a virtual machine? 8. What is auto-scaling? 9. What is the difference between PaaS and IaaS? 10. What is AWS Lambda?"
"Infrastructure as Code (IaC)","Terraform and Ansible","Learn how to automate infrastructure management using IaC tools.","https://www.youtube.com/watch?v=SLB_c_ayRMo","Deploy infrastructure using Terraform.","1. What is Infrastructure as Code (IaC)? 2. What is Terraform? 3. How do you install and configure Terraform? 4. What is Ansible? 5. How do you create and apply Terraform configurations? 6. What is the difference between Ansible and Terraform? 7. What are Terraform modules? 8. What is terraform plan? 9. What is configuration management in IaC? 10. How do you handle secrets in IaC?"
"Monitoring and Logging","Application Monitoring","Learn how to monitor applications using tools like Prometheus and Grafana.","https://www.youtube.com/watch?v=h4Sl21AKiDg","Set up a monitoring dashboard with Prometheus and Grafana.","1. What is application monitoring? 2. What is Prometheus? 3. How do you set up a monitoring dashboard? 4. What is Grafana? 5. How do you track server performance? 6. What is the difference between metrics and logs? 7. What is log aggregation? 8. How do you visualize monitoring data? 9. What is the difference between monitoring and alerting? 10. What is APM (Application Performance Management)?"
"CI/CD Pipelines","End-to-End CI/CD","Learn how to build a complete CI/CD pipeline with GitHub Actions and Docker.","https://www.youtube.com/watch?v=9vPjX9AZRP4","Create a CI/CD pipeline for a full-stack application.","1. What is a CI/CD pipeline? 2. How do you create a pipeline in GitHub Actions? 3. What are the stages of a CI/CD pipeline? 4. How do you integrate Docker in CI/CD? 5. What is the difference between build and deploy stages? 6. What is a build trigger? 7. How do you automate testing in CI/CD? 8. What is the role of webhooks? 9. How do you rollback failed deployments? 10. What is Canary Deployment in CI/CD?"

"React.js","React Hooks","Learn how to use React Hooks like useState, useEffect, and useContext for managing component state.","https://www.youtube.com/watch?v=TNhaISOUy6Q","Create a to-do app using React Hooks for state management.","1. What are React Hooks? 2. What is useState() used for? 3. How does useEffect() work? 4. What is the purpose of useContext()? 5. What is the difference between useEffect() and componentDidMount()? 6. How do you manage side effects in hooks? 7. What is useReducer() in React? 8. How do you pass data between components using hooks? 9. What are custom hooks? 10. What is the difference between useMemo() and useCallback()?"
"React Router","Client-Side Routing","Learn how to use React Router for navigation between pages in single-page applications (SPAs).","https://www.youtube.com/watch?v=Law7wfdg_ls","Create a multi-page React app with navigation using React Router.","1. What is React Router? 2. How do you install React Router? 3. What is the difference between BrowserRouter and HashRouter? 4. How do you create nested routes? 5. What is Link in React Router? 6. How do you programmatically navigate in React Router? 7. What is useHistory() used for? 8. What is the difference between Switch and Routes? 9. How do you handle route parameters? 10. What is lazy loading in React Router?"
"State Management","Redux","Learn how to manage global state using Redux in React applications.","https://www.youtube.com/watch?v=poQXNp9ItL4","Build a shopping cart app with Redux for state management.","1. What is Redux? 2. What are the core principles of Redux? 3. What is the purpose of actions in Redux? 4. What is a reducer in Redux? 5. What is the Redux store? 6. How do you connect Redux to React? 7. What is the difference between useDispatch and useSelector? 8. What is middleware in Redux? 9. What is the Provider component? 10. What is the difference between Redux and Context API?"
"Component Optimization","React.memo and Lazy Loading","Learn how to optimize React components using React.memo() and lazy loading.","https://www.youtube.com/watch?v=GrkWGeqWCVY","Optimize a large React app using React.memo() and lazy loading.","1. What is React.memo() used for? 2. How does React.memo() improve performance? 3. What is lazy loading in React? 4. What is React.lazy()? 5. How do you implement code splitting? 6. What is Suspense in React? 7. How do you prevent unnecessary re-renders? 8. What is memoization in React? 9. How do you use useMemo() for optimization? 10. What is the purpose of shouldComponentUpdate()?"
"Styled Components","CSS-in-JS","Learn how to use Styled Components for writing CSS directly in React components.","https://www.youtube.com/watch?v=02zO0hZmwnw","Build a styled React app using Styled Components.","1. What are Styled Components? 2. How do you install Styled Components? 3. What is the difference between CSS and Styled Components? 4. How do you pass props to Styled Components? 5. What is createGlobalStyle() in Styled Components? 6. How do you create reusable styled components? 7. What are keyframes in Styled Components? 8. How do you apply conditional styling? 9. What is theming in Styled Components? 10. What are the advantages of using Styled Components?"
"Animations","Framer Motion","Learn how to add animations to React applications using Framer Motion.","https://www.youtube.com/watch?v=2V1WK-3HQNk","Create a portfolio website with animated components using Framer Motion.","1. What is Framer Motion? 2. How do you install Framer Motion? 3. What is the motion.div component? 4. How do you create animations on scroll? 5. What is the animate prop used for? 6. How do you use variants in Framer Motion? 7. What is whileHover used for? 8. How do you animate multiple components together? 9. What is staggered animation? 10. How do you create exit animations?"
"Testing","Unit and Integration Testing","Learn how to write unit and integration tests in React using Jest and React Testing Library.","https://www.youtube.com/watch?v=ML5egqL3YFE","Write unit tests for a React form using Jest and RTL.","1. What is unit testing? 2. What is the difference between unit and integration testing? 3. What is Jest? 4. How do you test React components with Jest? 5. What is React Testing Library (RTL)? 6. How do you mock API calls in Jest? 7. What is snapshot testing? 8. How do you test form submissions? 9. What is the purpose of mock in Jest? 10. What is the difference between beforeEach and afterEach in Jest?"
"Progressive Web Apps (PWAs)","Building PWAs","Learn how to create Progressive Web Apps using React.","https://www.youtube.com/watch?v=KZW5h2WVyzU","Convert a React app into a PWA with offline support.","1. What is a Progressive Web App (PWA)? 2. How do you create a PWA in React? 3. What is service worker caching? 4. What is the difference between a PWA and a native app? 5. What is a manifest file in PWA? 6. How do you make a PWA installable? 7. What is offline-first behavior in PWAs? 8. What is the difference between cache-first and network-first strategies? 9. What is push notification in PWAs? 10. How do you test PWAs?"
"Performance Optimization","Lazy Loading and Code Splitting","Learn how to optimize the performance of React apps using lazy loading and code splitting.","https://www.youtube.com/watch?v=NGVMl5JCu4I","Optimize a large React app by splitting the code into smaller chunks.","1. What is code splitting? 2. How does lazy loading improve performance? 3. What is React.lazy() used for? 4. How do you implement dynamic imports? 5. What is the difference between lazy loading and eager loading? 6. How do you optimize API calls in React? 7. What is tree shaking? 8. How do you prevent memory leaks in React? 9. What is the difference between throttling and debouncing? 10. What is the purpose of shouldComponentUpdate()?"
"Real-Time Data","WebSockets and GraphQL","Learn how to display real-time data in React using WebSockets and GraphQL.","https://www.youtube.com/watch?v=ZKEqqIO7n-k","Build a real-time chat app with React and WebSockets.","1. What is WebSockets? 2. How do you use WebSockets in React? 3. What is GraphQL? 4. What is the difference between GraphQL and REST? 5. How do you subscribe to real-time updates in GraphQL? 6. What is useSubscription in Apollo Client? 7. How do you handle socket disconnections? 8. What is the difference between polling and subscriptions? 9. How do you handle errors in WebSockets? 10. What is Apollo Client?"

"Unit Testing","Introduction to Unit Testing","Learn the fundamentals of unit testing, including the importance of testing individual components and functions.","https://www.youtube.com/watch?v=ML5egqL3YFE","Write unit tests for a React form using Jest and React Testing Library.","1. What is unit testing? 2. Why is unit testing important? 3. What is the difference between unit testing and integration testing? 4. How do you write a unit test in JavaScript? 5. What is a test case? 6. What is the expect() function used for? 7. What is mocking in unit testing? 8. What is the difference between synchronous and asynchronous tests? 9. What is code coverage in testing? 10. What are test doubles?"
"Integration Testing","Testing Component Interaction","Learn how to test the interaction between components using integration testing.","https://www.youtube.com/watch?v=FOTz0Oz6jLk","Create integration tests for a React app using Jest.","1. What is integration testing? 2. How does it differ from unit testing? 3. What is the purpose of integration testing? 4. How do you test component interactions in React? 5. What is the difference between mount() and shallow() in Enzyme? 6. What is a mock function? 7. How do you handle API calls in integration tests? 8. What is snapshot testing? 9. How do you verify form submissions in integration tests? 10. What are test hooks in Jest?"
"End-to-End (E2E) Testing","Full-Flow Testing","Learn how to perform end-to-end testing to verify the entire application flow.","https://www.youtube.com/watch?v=j9WZyLZCBzs","Create E2E tests for a web app using Cypress.","1. What is end-to-end (E2E) testing? 2. How does E2E testing differ from unit and integration testing? 3. What tools are used for E2E testing? 4. How do you write E2E tests with Cypress? 5. What is the difference between describe() and it() in Cypress? 6. What is the purpose of cy.visit()? 7. How do you handle waits in E2E tests? 8. How do you run E2E tests in CI/CD pipelines? 9. What is visual regression testing? 10. How do you capture screenshots in E2E tests?"
"Debugging Techniques","Identifying and Fixing Bugs","Learn how to use debugging techniques to identify and fix issues in JavaScript and React apps.","https://www.youtube.com/watch?v=H0XScE08hy8","Debug a React app using browser dev tools and VSCode debugger.","1. What is debugging? 2. How do you debug JavaScript code? 3. What is the difference between console.log() and breakpoints? 4. How do you use the Chrome DevTools debugger? 5. What is debugger in JavaScript? 6. How do you inspect network requests? 7. What is stack tracing? 8. How do you handle uncaught exceptions? 9. What are common JavaScript debugging techniques? 10. How do you debug asynchronous code?"
"Error Handling","Managing Errors in React","Learn how to handle and display errors effectively in React apps.","https://www.youtube.com/watch?v=DNYXgtZBRPE","Create error boundaries in React to handle and display component errors.","1. What is error handling in React? 2. What is an error boundary? 3. How do you create error boundaries in React? 4. What is the componentDidCatch() method? 5. How do you handle API errors in React? 6. What is the difference between try-catch and error boundaries? 7. What is error propagation? 8. How do you display custom error messages? 9. What is fallback in error handling? 10. How do you handle promise rejections?"
"Debugging Tools","Chrome DevTools and VSCode","Learn how to use Chrome DevTools and VSCode for efficient debugging.","https://www.youtube.com/watch?v=H0XScE08hy8","Use Chrome DevTools and VSCode to debug a React app.","1. What is Chrome DevTools? 2. How do you inspect elements using Chrome DevTools? 3. What is the difference between console.log() and console.error()? 4. How do you use breakpoints in Chrome DevTools? 5. What is the purpose of the Sources tab? 6. How do you track network activity? 7. What is the difference between localStorage and sessionStorage? 8. How do you view memory usage? 9. How do you use VSCode's built-in debugger? 10. What is the difference between step over and step into in debugging?"
"Code Linting","Using ESLint and Prettier","Learn how to use linting tools like ESLint and Prettier to maintain code quality.","https://www.youtube.com/watch?v=oMpdcgD7BR8","Add ESLint and Prettier to a React app and fix linting errors.","1. What is linting in programming? 2. What is ESLint? 3. How do you install and configure ESLint? 4. What is Prettier? 5. How do you fix linting errors? 6. What are linting rules? 7. What is the difference between ESLint and Prettier? 8. How do you ignore specific linting rules? 9. What is the .eslintrc file? 10. What is the benefit of using Prettier in React projects?"
"Test-Driven Development (TDD)","Writing Tests First","Learn how to use TDD principles to write tests before implementing features.","https://www.youtube.com/watch?v=IRU0T3j4g5E","Build a React app using TDD principles with Jest.","1. What is Test-Driven Development (TDD)? 2. What are the benefits of TDD? 3. What is the TDD cycle? 4. How do you write a failing test first? 5. What is the difference between TDD and BDD? 6. How do you refactor code in TDD? 7. What is Red-Green-Refactor? 8. How do you run TDD in CI/CD pipelines? 9. What is the role of assertions in TDD? 10. How do you mock dependencies in TDD?"
"Debugging in Production","Monitoring and Fixing Bugs in Production","Learn how to monitor and fix issues in production environments.","https://www.youtube.com/watch?v=Ry4V6lF5gEY","Use Sentry to monitor and fix production issues in a React app.","1. What is production debugging? 2. How do you monitor errors in production? 3. What is Sentry? 4. How do you handle crashes in production? 5. What is log aggregation? 6. How do you implement error logging? 7. What is the difference between console.error() and logging services? 8. How do you handle performance issues in production? 9. What is the purpose of crash reporting? 10. How do you roll back production changes?"
"Code Review","Reviewing and Improving Code Quality","Learn how to perform effective code reviews to catch and fix bugs early.","https://www.youtube.com/watch?v=JPdTOJXG-hM","Conduct a code review on a React project and suggest improvements.","1. What is a code review? 2. Why are code reviews important? 3. What is the difference between code review and testing? 4. What are code review best practices? 5. How do you review large codebases? 6. What tools are used for code reviews? 7. What is a merge request? 8. How do you handle code review feedback? 9. What is LGTM in code reviews? 10. How do you measure code quality?"

"Authentication","User Authentication Basics","Learn how to implement user authentication using JWT (JSON Web Tokens) and sessions.","https://www.youtube.com/watch?v=2jqok-WgelI","Create a login system with JWT authentication in a Node.js app.","1. What is authentication? 2. What is the difference between authentication and authorization? 3. What is JWT? 4. How does JWT authentication work? 5. What is the difference between sessions and tokens? 6. What is OAuth? 7. How do you implement basic authentication in Node.js? 8. What is the jsonwebtoken package? 9. What is the difference between access token and refresh token? 10. How do you handle token expiration?"
"Authorization","Role-Based Access Control (RBAC)","Learn how to restrict access based on user roles using RBAC.","https://www.youtube.com/watch?v=VQz6W0UbtLI","Implement RBAC in a full-stack web app to manage user permissions.","1. What is authorization? 2. What is the difference between RBAC and ABAC? 3. How do you define roles in RBAC? 4. What is the purpose of req.user.role in RBAC? 5. How do you restrict access to specific routes in RBAC? 6. What is token-based authorization? 7. What is the difference between user and admin roles? 8. How do you implement RBAC in Express.js? 9. What is the principle of least privilege? 10. How do you test RBAC rules?"
"Password Hashing","Hashing and Salting","Learn how to hash and salt passwords securely using bcrypt.","https://www.youtube.com/watch?v=Ud5xKCYQTjM","Create a Node.js app with secure password hashing using bcrypt.","1. What is password hashing? 2. What is salting in password hashing? 3. How does bcrypt work? 4. What is the difference between hashing and encryption? 5. Why is salting important in hashing? 6. How do you verify hashed passwords? 7. What is a hash collision? 8. How do you generate salt using bcrypt? 9. What is the difference between hash and compare methods? 10. How do you store hashed passwords securely?"
"OAuth 2.0","Third-Party Authentication","Learn how to implement OAuth 2.0 for third-party authentication (Google, Facebook).","https://www.youtube.com/watch?v=Z9l2j3UtAkE","Create Google OAuth authentication in a full-stack app.","1. What is OAuth 2.0? 2. How does OAuth 2.0 authentication work? 3. What is an access token in OAuth? 4. What is the difference between OAuth and JWT? 5. What is the purpose of refresh tokens? 6. How do you implement Google OAuth? 7. What is the difference between authorization code and implicit flow? 8. How do you revoke OAuth tokens? 9. What is the purpose of the passport package? 10. What are the security risks of OAuth?"
"Session Management","Secure Sessions","Learn how to create and manage user sessions securely in a web app.","https://www.youtube.com/watch?v=9YL7-ZoKItE","Build a session-based authentication system using Express.js.","1. What is session management? 2. What is the difference between sessions and cookies? 3. How do you create sessions in Express.js? 4. What is express-session used for? 5. How do you store session data? 6. What is session hijacking? 7. How do you prevent session fixation attacks? 8. What is the difference between in-memory and database sessions? 9. What is the purpose of session expiration? 10. How do you clear expired sessions?"
"Token-Based Authentication","JWT and Bearer Tokens","Learn how to use token-based authentication with JWT and Bearer tokens.","https://www.youtube.com/watch?v=mbsmsi7l3r4","Build a RESTful API with token-based authentication using JWT.","1. What is token-based authentication? 2. What is JWT? 3. How do you generate a JWT token? 4. What is the difference between Bearer token and JWT? 5. How do you validate a JWT token? 6. What is the jsonwebtoken package? 7. How do you refresh expired tokens? 8. What is the difference between access and refresh tokens? 9. How do you store JWT tokens securely? 10. What is token revocation?"
"CSRF Protection","Cross-Site Request Forgery","Learn how to prevent CSRF attacks in web applications.","https://www.youtube.com/watch?v=FhggLztGZL8","Add CSRF protection to a Node.js app using csurf.","1. What is CSRF? 2. How does a CSRF attack work? 3. What is the csurf package? 4. How do you add CSRF tokens in Express.js? 5. What is the purpose of anti-CSRF tokens? 6. How do you validate CSRF tokens? 7. What is the difference between CSRF and XSS? 8. How do you test for CSRF vulnerabilities? 9. What are the common signs of CSRF attacks? 10. How do you prevent CSRF attacks?"
"XSS Protection","Cross-Site Scripting Prevention","Learn how to prevent XSS vulnerabilities in web applications.","https://www.youtube.com/watch?v=2N1IpQF1K2E","Prevent XSS vulnerabilities in a React app by sanitizing inputs.","1. What is XSS? 2. How does XSS work? 3. What are the types of XSS attacks? 4. What is input sanitization? 5. How do you prevent XSS in React? 6. What is output encoding? 7. What is the helmet package? 8. How do you test for XSS vulnerabilities? 9. What is DOM-based XSS? 10. How do you prevent stored XSS?"
"Data Encryption","Encrypting Sensitive Data","Learn how to encrypt sensitive data in web applications using Node.js crypto module.","https://www.youtube.com/watch?v=GmJSXYRQXyo","Encrypt and decrypt sensitive data in a Node.js app using crypto.","1. What is data encryption? 2. What is symmetric vs. asymmetric encryption? 3. How does the crypto module work in Node.js? 4. What is the difference between encryption and hashing? 5. How do you generate encryption keys? 6. What is AES encryption? 7. How do you decrypt encrypted data? 8. What is the purpose of crypto.randomBytes()? 9. How do you store encrypted data securely? 10. What are the encryption best practices?"
"Security Best Practices","Secure Coding Guidelines","Learn best practices for writing secure and robust web applications.","https://www.youtube.com/watch?v=bLPb1hQjPuQ","Apply security best practices to a full-stack app.","1. What are security best practices in web development? 2. How do you prevent SQL injection? 3. What is the principle of least privilege? 4. What is the difference between HTTPS and HTTP? 5. How do you validate user inputs? 6. What is rate limiting? 7. How do you protect API keys? 8. What is content security policy (CSP)? 9. How do you prevent CORS vulnerabilities? 10. What is the importance of security headers?"

"Major Project 1","Full-Stack E-commerce Platform","Develop a full-fledged e-commerce platform with user authentication, product management, and payment integration.","https://www.youtube.com/watch?v=EjgMFxQzEH8","Build an e-commerce platform with product listing, cart functionality, user authentication, and Stripe payment gateway.","1. What are the core components of an e-commerce platform? 2. How do you implement authentication in an e-commerce app? 3. What is the purpose of a shopping cart? 4. How do you integrate Stripe for payments? 5. What are CRUD operations in product management? 6. How do you handle session management for user logins? 7. What is the difference between client-side and server-side validation? 8. How do you optimize product search functionality? 9. What is lazy loading, and how is it used in e-commerce apps? 10. How do you ensure security in online transactions?"
"Major Project 2","Social Media Application","Create a social media app with user profiles, posts, likes, comments, and real-time notifications.","https://www.youtube.com/watch?v=ldGl6L4Vktk","Build a full-stack social media app with React, Node.js, and MongoDB, featuring real-time updates.","1. What are the core features of a social media app? 2. How do you implement real-time notifications? 3. What is the role of WebSockets in social media apps? 4. How do you manage user authentication and authorization? 5. What is the difference between likes and reactions? 6. How do you implement infinite scrolling? 7. What is pagination, and why is it important? 8. How do you handle image uploads? 9. What is the difference between relational and NoSQL databases? 10. How do you prevent XSS and CSRF attacks in social media apps?"
"Minor Project 1","Task Management System","Develop a task management app with user authentication, task creation, and CRUD operations.","https://www.youtube.com/watch?v=7CqJlxBYj-M","Build a simple full-stack task management system with user authentication and task CRUD operations.","1. What is a task management system? 2. How do you create and update tasks in a full-stack app? 3. What is the difference between GET and POST requests? 4. How do you implement user authentication in Node.js? 5. What is the purpose of the MVC architecture in this project? 6. How do you handle validation for task inputs? 7. What is the difference between RESTful APIs and GraphQL? 8. How do you implement task filtering and sorting? 9. What are the common security practices in task management systems? 10. How do you deploy a task management app?"
"Minor Project 2","Weather App with API Integration","Create a weather application that fetches real-time weather data from an external API and displays it to the user.","https://www.youtube.com/watch?v=WZNG8UomjSI","Build a weather app using React and the OpenWeatherMap API to display current weather conditions.","1. What is an API, and how does it work? 2. How do you integrate the OpenWeatherMap API into a React app? 3. What is the difference between synchronous and asynchronous API calls? 4. How do you handle errors when fetching data from an API? 5. What is the role of useEffect() in API calls? 6. How do you display real-time weather data? 7. What is the difference between JSON and XML responses? 8. How do you cache API responses for better performance? 9. How do you handle loading and error states in API calls? 10. What are the best practices for API rate limiting?"